sample_id,scene,metric,spconv_k0,spconv_k1,spconv_k3,spconv_k5,spconv_gain,official_flex_k0,official_flex_k1,official_flex_k3,official_flex_k5,official_flex_gain,official_minus_spconv,official_gain_over_spconv,spconv_outcome,official_outcome
ai_003_010_cam_00_frame.0000,ai_003_010,native_disparity_mae,0.07047639787197113,0.06993472576141357,0.07014325261116028,0.07220771908760071,0.00033314526081085205,0.07047639787197113,0.06445109099149704,0.06254114210605621,0.06224808841943741,0.007935255765914917,-0.007602110505104065,0.007602110505104065,win,win
ai_003_010_cam_00_frame.0077,ai_003_010,native_disparity_mae,0.03493084758520126,0.032185833901166916,0.030108895152807236,0.030628636479377747,0.004821952432394028,0.03493084758520126,0.024889405816793442,0.02161419577896595,0.02343345619738102,0.013316651806235313,-0.008494699373841286,0.008494699373841286,win,win
ai_003_010_cam_01_frame.0051,ai_003_010,native_disparity_mae,0.019556771963834763,0.016319507732987404,0.016469374299049377,0.025119028985500336,0.003087397664785385,0.019556771963834763,0.010980436578392982,0.011959102936089039,0.014214024879038334,0.007597669027745724,-0.004510271362960339,0.004510271362960339,win,win
ai_004_003_cam_00_frame.0026,ai_004_003,native_disparity_mae,0.15649428963661194,0.1558179408311844,0.1596543788909912,0.16382066905498505,-0.0031600892543792725,0.15649428963661194,0.1590566784143448,0.16352050006389618,0.16656161844730377,-0.007026210427284241,0.0038661211729049683,-0.0038661211729049683,loss,loss
ai_004_003_cam_01_frame.0000,ai_004_003,native_disparity_mae,0.3279770314693451,0.3204417824745178,0.3055834174156189,0.29105108976364136,0.022393614053726196,0.3279770314693451,0.2654370069503784,0.18586866557598114,0.1573663055896759,0.14210836589336395,-0.11971475183963776,0.11971475183963776,win,win
ai_004_003_cam_01_frame.0075,ai_004_003,native_disparity_mae,0.04170786216855049,0.03768007829785347,0.034721873700618744,0.03716301545500755,0.0069859884679317474,0.04170786216855049,0.025764647871255875,0.025011513382196426,0.025812368839979172,0.016696348786354065,-0.009710360318422318,0.009710360318422318,win,win
ai_004_004_cam_00_frame.0050,ai_004_004,native_disparity_mae,0.10093429684638977,0.1001749113202095,0.10127431899309158,0.10508676618337631,-0.00034002214670181274,0.10093429684638977,0.11540607362985611,0.11652366071939468,0.11790719628334045,-0.015589363873004913,0.0152493417263031,-0.0152493417263031,loss,loss
ai_004_004_cam_01_frame.0024,ai_004_004,native_disparity_mae,0.0356467179954052,0.02731274627149105,0.013455081731081009,0.013806899078190327,0.022191636264324188,0.0356467179954052,0.008724919520318508,0.00817503035068512,0.010482286103069782,0.027471687644720078,-0.005280051380395889,0.005280051380395889,win,win
ai_004_004_cam_01_frame.0099,ai_004_004,native_disparity_mae,0.10591945797204971,0.10590243339538574,0.10662239044904709,0.10832206904888153,-0.0007029324769973755,0.10591945797204971,0.10025196522474289,0.09659062325954437,0.09471163898706436,0.00932883471250534,-0.010031767189502716,0.010031767189502716,loss,win
ai_004_010_cam_01_frame.0023,ai_004_010,native_disparity_mae,0.0734625980257988,0.0691317543387413,0.0629427582025528,0.061924971640110016,0.010519839823246002,0.0734625980257988,0.056035105139017105,0.05362053960561752,0.051959920674562454,0.019842058420181274,-0.009322218596935272,0.009322218596935272,win,win
ai_005_005_cam_00_frame.0017,ai_005_005,native_disparity_mae,0.1315288543701172,0.12795241177082062,0.12269148230552673,0.118523508310318,0.008837372064590454,0.1315288543701172,0.13098643720149994,0.13459062576293945,0.13782623410224915,-0.0030617713928222656,0.01189914345741272,-0.01189914345741272,win,loss
ai_005_005_cam_00_frame.0092,ai_005_005,native_disparity_mae,0.10566576570272446,0.10729428380727768,0.11190365254878998,0.11773263663053513,-0.006237886846065521,0.10566576570272446,0.130071222782135,0.13606330752372742,0.14077720046043396,-0.03039754182100296,0.02415965497493744,-0.02415965497493744,loss,loss
ai_006_007_cam_00_frame.0066,ai_006_007,native_disparity_mae,0.04172274097800255,0.03826471418142319,0.034871503710746765,0.03522457182407379,0.006851237267255783,0.04172274097800255,0.015117155387997627,0.014542289078235626,0.017923597246408463,0.027180451899766922,-0.02032921463251114,0.02032921463251114,win,win
ai_007_001_cam_00_frame.0042,ai_007_001,native_disparity_mae,0.08403687179088593,0.08120676130056381,0.07670208811759949,0.07450814545154572,0.007334783673286438,0.08403687179088593,0.05707645043730736,0.05496515333652496,0.0534537136554718,0.029071718454360962,-0.021736934781074524,0.021736934781074524,win,win
ai_007_001_cam_01_frame.0016,ai_007_001,native_disparity_mae,0.04802735149860382,0.040758971124887466,0.028351031243801117,0.02481607161462307,0.019676320254802704,0.04802735149860382,0.03452937304973602,0.03224530443549156,0.03175275772809982,0.01578204706311226,0.003894273191690445,-0.003894273191690445,win,win
ai_007_001_cam_01_frame.0091,ai_007_001,native_disparity_mae,0.020753104239702225,0.017216872423887253,0.016148485243320465,0.018985368311405182,0.00460461899638176,0.020753104239702225,0.017172379419207573,0.017518190667033195,0.018627502024173737,0.0032349135726690292,0.0013697054237127304,-0.0013697054237127304,win,win
ai_009_007_cam_00_frame.0066,ai_009_007,native_disparity_mae,0.03996841982007027,0.03656529635190964,0.032275184988975525,0.03084827959537506,0.007693234831094742,0.03996841982007027,0.016904402524232864,0.01859833113849163,0.02279064804315567,0.021370088681578636,-0.013676853850483894,0.013676853850483894,win,win
ai_009_009_cam_00_frame.0040,ai_009_009,native_disparity_mae,0.03944510221481323,0.039890654385089874,0.04122718796133995,0.044316865503787994,-0.0017820857465267181,0.03944510221481323,0.037666093558073044,0.03640802204608917,0.03606203943490982,0.00303708016872406,-0.004819165915250778,0.004819165915250778,loss,win
ai_010_007_cam_00_frame.0015,ai_010_007,native_disparity_mae,0.036098066717386246,0.030920643359422684,0.02677070163190365,0.025767220184206963,0.009327365085482597,0.036098066717386246,0.021071836352348328,0.017772026360034943,0.018762875348329544,0.018326040357351303,-0.008998675271868706,0.008998675271868706,win,win
ai_010_007_cam_00_frame.0089,ai_010_007,native_disparity_mae,0.03345559537410736,0.02754148840904236,0.02014169469475746,0.01935175247490406,0.0133139006793499,0.03345559537410736,0.015598728321492672,0.011384832672774792,0.013164712116122246,0.02207076270133257,-0.00875686202198267,0.00875686202198267,win,win
ai_012_005_cam_00_frame.0064,ai_012_005,native_disparity_mae,0.0727982223033905,0.07063987851142883,0.06926124542951584,0.06963183730840683,0.0035369768738746643,0.0727982223033905,0.06249840185046196,0.061488792300224304,0.060803450644016266,0.011309430003166199,-0.007772453129291534,0.007772453129291534,win,win
ai_015_001_cam_00_frame.0039,ai_015_001,native_disparity_mae,0.03204244375228882,0.0273891668766737,0.021206369623541832,0.020138131454586983,0.010836074128746986,0.03204244375228882,0.02024254947900772,0.02547561749815941,0.03280821070075035,0.00656682625412941,0.004269247874617577,-0.004269247874617577,win,win
ai_015_004_cam_00_frame.0013,ai_015_004,native_disparity_mae,0.021438077092170715,0.01788504421710968,0.014549585990607738,0.014309529215097427,0.006888491101562977,0.021438077092170715,0.006318257190287113,0.011134400963783264,0.016398098319768906,0.010303676128387451,-0.0034151850268244743,0.0034151850268244743,win,win
ai_015_004_cam_00_frame.0088,ai_015_004,native_disparity_mae,0.1265941560268402,0.12480425834655762,0.12394149601459503,0.12521424889564514,0.0026526600122451782,0.1265941560268402,0.10760866850614548,0.10916782915592194,0.11313565075397491,0.017426326870918274,-0.014773666858673096,0.014773666858673096,win,win
ai_016_001_cam_01_frame.0062,ai_016_001,native_disparity_mae,0.06652472168207169,0.06527257710695267,0.06528391689062119,0.06628688424825668,0.0012408047914505005,0.06652472168207169,0.05717979371547699,0.058455776423215866,0.06035735830664635,0.00806894525885582,-0.006828140467405319,0.006828140467405319,win,win
ai_016_004_cam_00_frame.0037,ai_016_004,native_disparity_mae,0.028796197846531868,0.026911884546279907,0.026389459148049355,0.030215656384825706,0.0024067386984825134,0.028796197846531868,0.0260369461029768,0.02654508873820305,0.02954047918319702,0.0022511091083288193,0.00015562959015369415,-0.00015562959015369415,win,win
ai_017_007_cam_00_frame.0011,ai_017_007,native_disparity_mae,0.03444797173142433,0.031599175184965134,0.028669506311416626,0.029265783727169037,0.005778465420007706,0.03444797173142433,0.03548358380794525,0.03797494247555733,0.04122644290328026,-0.0035269707441329956,0.009305436164140701,-0.009305436164140701,win,loss
ai_017_007_cam_00_frame.0086,ai_017_007,native_disparity_mae,0.037910424172878265,0.03400504216551781,0.028811752796173096,0.027729496359825134,0.00909867137670517,0.037910424172878265,0.058208685368299484,0.058787763118743896,0.06020690128207207,-0.02087733894586563,0.0299760103225708,-0.0299760103225708,win,loss
ai_017_007_cam_01_frame.0061,ai_017_007,native_disparity_mae,0.029044797644019127,0.026371343061327934,0.02444585971534252,0.02528741955757141,0.004598937928676605,0.029044797644019127,0.019792653620243073,0.018443210050463676,0.022530971094965935,0.01060158759355545,-0.006002649664878845,0.006002649664878845,win,win
ai_018_005_cam_00_frame.0035,ai_018_005,native_disparity_mae,0.05754067748785019,0.05532975122332573,0.0537506565451622,0.0547218881547451,0.0037900209426879883,0.05754067748785019,0.04824375361204147,0.04653558135032654,0.04697141796350479,0.011005096137523651,-0.007215075194835663,0.007215075194835663,win,win
ai_018_005_cam_01_frame.0010,ai_018_005,native_disparity_mae,0.028927048668265343,0.02404097467660904,0.01736942119896412,0.016021516174077988,0.011557627469301224,0.028927048668265343,0.023867009207606316,0.025572625920176506,0.028132449835538864,0.0033544227480888367,0.008203204721212387,-0.008203204721212387,win,win
ai_018_005_cam_01_frame.0084,ai_018_005,native_disparity_mae,0.058840371668338776,0.057331401854753494,0.05978909507393837,0.06474655121564865,-0.0009487234055995941,0.058840371668338776,0.058220721781253815,0.05582558363676071,0.05441915988922119,0.003014788031578064,-0.003963511437177658,0.003963511437177658,loss,win
ai_019_008_cam_00_frame.0059,ai_019_008,native_disparity_mae,0.06270723789930344,0.06344320625066757,0.06760066002607346,0.07337582111358643,-0.0048934221267700195,0.06270723789930344,0.06467315554618835,0.0673130452632904,0.07011082768440247,-0.004605807363986969,-0.00028761476278305054,0.00028761476278305054,loss,loss
ai_022_010_cam_00_frame.0034,ai_022_010,native_disparity_mae,0.08608007431030273,0.07985664904117584,0.07152507454156876,0.06896836310625076,0.014554999768733978,0.08608007431030273,0.06383974105119705,0.06400459259748459,0.0638628900051117,0.022075481712818146,-0.0075204819440841675,0.0075204819440841675,win,win
ai_023_003_cam_00_frame.0008,ai_023_003,native_disparity_mae,0.09494911879301071,0.08914980292320251,0.0799187645316124,0.07342931628227234,0.015030354261398315,0.09494911879301071,0.06575137376785278,0.05999801680445671,0.05766163766384125,0.034951101988554,-0.019920747727155685,0.019920747727155685,win,win
ai_023_003_cam_00_frame.0083,ai_023_003,native_disparity_mae,0.05449019372463226,0.05100399628281593,0.046543002128601074,0.04554961249232292,0.007947191596031189,0.05449019372463226,0.017712902277708054,0.0171321053057909,0.018658343702554703,0.03735808841884136,-0.029410896822810173,0.029410896822810173,win,win
ai_023_003_cam_01_frame.0057,ai_023_003,native_disparity_mae,0.034735385328531265,0.029885584488511086,0.022809352725744247,0.020567553117871284,0.011926032602787018,0.034735385328531265,0.016496069729328156,0.012235005386173725,0.013266182504594326,0.02250037994235754,-0.010574347339570522,0.010574347339570522,win,win
ai_024_012_cam_00_frame.0032,ai_024_012,native_disparity_mae,0.08326248824596405,0.08095580339431763,0.07753095775842667,0.07672567665576935,0.005731530487537384,0.08326248824596405,0.06292339414358139,0.0588713064789772,0.05730140954256058,0.024391181766986847,-0.018659651279449463,0.018659651279449463,win,win
ai_024_013_cam_00_frame.0007,ai_024_013,native_disparity_mae,0.021041838452219963,0.01774396188557148,0.013507377356290817,0.014781057834625244,0.007534461095929146,0.021041838452219963,0.012879333458840847,0.01234991755336523,0.015748362988233566,0.008691920898854733,-0.0011574598029255867,0.0011574598029255867,win,win
ai_024_013_cam_00_frame.0081,ai_024_013,native_disparity_mae,0.017494462430477142,0.013845903798937798,0.01205575093626976,0.016624324023723602,0.005438711494207382,0.017494462430477142,0.014741964638233185,0.022277887910604477,0.027809342369437218,-0.004783425480127335,0.010222136974334717,-0.010222136974334717,win,loss
ai_028_008_cam_00_frame.0056,ai_028_008,native_disparity_mae,0.07330522686243057,0.07228345423936844,0.0730944499373436,0.07570730149745941,0.0002107769250869751,0.07330522686243057,0.0798090323805809,0.08571692556142807,0.09028800576925278,-0.012411698698997498,0.012622475624084473,-0.012622475624084473,win,loss
ai_030_008_cam_01_frame.0005,ai_030_008,native_disparity_mae,0.05964967980980873,0.054885901510715485,0.04897535964846611,0.049727752804756165,0.01067432016134262,0.05964967980980873,0.05172320827841759,0.05313326418399811,0.055010776966810226,0.006516415625810623,0.004157904535531998,-0.004157904535531998,win,win
ai_031_004_cam_00_frame.0047,ai_031_004,native_disparity_mae,0.05962589755654335,0.04964176565408707,0.03441309183835983,0.04251468554139137,0.025212805718183517,0.05962589755654335,0.03229242563247681,0.03005983680486679,0.029010405763983727,0.02956606075167656,-0.004353255033493042,0.004353255033493042,win,win
ai_031_010_cam_00_frame.0022,ai_031_010,native_disparity_mae,0.04652160406112671,0.045494332909584045,0.045229971408843994,0.048053376376628876,0.0012916326522827148,0.04652160406112671,0.04194187745451927,0.04124389588832855,0.04346730560064316,0.005277708172798157,-0.003986075520515442,0.003986075520515442,win,win
ai_031_010_cam_00_frame.0096,ai_031_010,native_disparity_mae,0.043779052793979645,0.03990808129310608,0.036099519580602646,0.04019685462117195,0.007679533213376999,0.043779052793979645,0.05180787295103073,0.05559952184557915,0.058501649647951126,-0.011820469051599503,0.0195000022649765,-0.0195000022649765,win,loss
ai_032_007_cam_00_frame.0071,ai_032_007,native_disparity_mae,0.01876164972782135,0.01660827547311783,0.01845601014792919,0.026084301993250847,0.0003056395798921585,0.01876164972782135,0.015313255600631237,0.01628187485039234,0.018843967467546463,0.0024797748774290085,-0.00217413529753685,0.00217413529753685,win,win
ai_035_003_cam_00_frame.0045,ai_035_003,native_disparity_mae,0.05016367882490158,0.04850674793124199,0.04617021977901459,0.04519224166870117,0.003993459045886993,0.05016367882490158,0.04704759269952774,0.04399043321609497,0.04537547379732132,0.00617324560880661,-0.0021797865629196167,0.0021797865629196167,win,win
ai_035_004_cam_00_frame.0020,ai_035_004,native_disparity_mae,0.023714590817689896,0.021475737914443016,0.02220287173986435,0.02916897088289261,0.0015117190778255463,0.023714590817689896,0.020132334902882576,0.021725764498114586,0.025453589856624603,0.0019888263195753098,-0.0004771072417497635,0.0004771072417497635,win,win
ai_035_004_cam_00_frame.0095,ai_035_004,native_disparity_mae,0.1604936420917511,0.16013793647289276,0.16077899932861328,0.1626897007226944,-0.0002853572368621826,0.1604936420917511,0.1615934669971466,0.16420838236808777,0.16686168313026428,-0.00371474027633667,0.0034293830394744873,-0.0034293830394744873,loss,loss
ai_038_009_cam_00_frame.0069,ai_038_009,native_disparity_mae,0.09589254856109619,0.09251227229833603,0.08754419535398483,0.08592373132705688,0.008348353207111359,0.09589254856109619,0.08675883710384369,0.08802687376737595,0.09183423966169357,0.007865674793720245,0.0004826784133911133,-0.0004826784133911133,win,win
ai_038_009_cam_01_frame.0044,ai_038_009,native_disparity_mae,0.11365853250026703,0.1130678653717041,0.11271452903747559,0.11310666799545288,0.0009440034627914429,0.11365853250026703,0.10610993206501007,0.10244395583868027,0.10132255405187607,0.011214576661586761,-0.010270573198795319,0.010270573198795319,win,win
ai_039_003_cam_00_frame.0018,ai_039_003,native_disparity_mae,0.07604964077472687,0.07262909412384033,0.06901202350854874,0.06597152352333069,0.007037617266178131,0.07604964077472687,0.045473478734493256,0.03451206535100937,0.03022776171565056,0.0415375754237175,-0.03449995815753937,0.03449995815753937,win,win
ai_039_003_cam_00_frame.0093,ai_039_003,native_disparity_mae,0.1755494326353073,0.17323395609855652,0.17253975570201874,0.1775987595319748,0.0030096769332885742,0.1755494326353073,0.16518652439117432,0.1591436266899109,0.157705157995224,0.016405805945396423,-0.013396129012107849,0.013396129012107849,win,win
ai_039_003_cam_01_frame.0068,ai_039_003,native_disparity_mae,0.031027084216475487,0.02998906373977661,0.029820164665579796,0.03209581971168518,0.001206919550895691,0.031027084216475487,0.019734859466552734,0.02318928763270378,0.027054976671934128,0.007837796583771706,-0.006630877032876015,0.006630877032876015,win,win
ai_041_003_cam_00_frame.0042,ai_041_003,native_disparity_mae,0.053965918719768524,0.05076749250292778,0.04570385068655014,0.04414858669042587,0.008262068033218384,0.053965918719768524,0.03531926870346069,0.03062715195119381,0.029797326773405075,0.023338766768574715,-0.015076698735356331,0.015076698735356331,win,win
ai_044_001_cam_00_frame.0017,ai_044_001,native_disparity_mae,0.03752310574054718,0.03323918208479881,0.028243403881788254,0.02782314643263817,0.009279701858758926,0.03752310574054718,0.026285162195563316,0.023065676912665367,0.02377326413989067,0.014457428827881813,-0.005177726969122887,0.005177726969122887,win,win
ai_044_001_cam_00_frame.0091,ai_044_001,native_disparity_mae,0.031482987105846405,0.027452128008008003,0.02239319309592247,0.02225911058485508,0.009089794009923935,0.031482987105846405,0.02128574810922146,0.020572571083903313,0.02187322825193405,0.010910416021943092,-0.0018206220120191574,0.0018206220120191574,win,win
ai_044_001_cam_01_frame.0067,ai_044_001,native_disparity_mae,0.02553379163146019,0.019824868068099022,0.01303371787071228,0.01625007763504982,0.01250007376074791,0.02553379163146019,0.015327555127441883,0.013324794359505177,0.015766706317663193,0.012208997271955013,0.00029107648879289627,-0.00029107648879289627,win,win
ai_044_003_cam_01_frame.0042,ai_044_003,native_disparity_mae,0.03522327169775963,0.027946552261710167,0.01754557155072689,0.02338561788201332,0.017677700147032738,0.03522327169775963,0.023918621242046356,0.023320866748690605,0.025311069563031197,0.011902404949069023,0.005775295197963715,-0.005775295197963715,win,win
ai_044_003_cam_02_frame.0016,ai_044_003,native_disparity_mae,0.03365686535835266,0.028489040210843086,0.023037927225232124,0.02422362007200718,0.010618938133120537,0.03365686535835266,0.011693286709487438,0.010791487991809845,0.011468888260424137,0.022865377366542816,-0.01224643923342228,0.01224643923342228,win,win
ai_044_003_cam_02_frame.0091,ai_044_003,native_disparity_mae,0.028969913721084595,0.023137986660003662,0.017512695863842964,0.020620884373784065,0.01145721785724163,0.028969913721084595,0.012672172859311104,0.011990562081336975,0.013902008533477783,0.01697935163974762,-0.005522133782505989,0.005522133782505989,win,win
ai_044_003_cam_03_frame.0065,ai_044_003,native_disparity_mae,0.04195766523480415,0.03754173964262009,0.03237811475992203,0.031642694026231766,0.009579550474882126,0.04195766523480415,0.0318361297249794,0.03176805377006531,0.033630918711423874,0.010189611464738846,-0.00061006098985672,0.00061006098985672,win,win
ai_045_008_cam_00_frame.0040,ai_045_008,native_disparity_mae,0.13745887577533722,0.13393589854240417,0.12775513529777527,0.12270046770572662,0.00970374047756195,0.13745887577533722,0.0699787437915802,0.03350876644253731,0.03211204707622528,0.10395010933279991,-0.09424636885523796,0.09424636885523796,win,win
ai_045_008_cam_01_frame.0015,ai_045_008,native_disparity_mae,0.026624508202075958,0.023390229791402817,0.019392414018511772,0.020438287407159805,0.007232094183564186,0.026624508202075958,0.019814081490039825,0.018351364880800247,0.019903132691979408,0.008273143321275711,-0.001041049137711525,0.001041049137711525,win,win
ai_045_008_cam_01_frame.0089,ai_045_008,native_disparity_mae,0.053356777876615524,0.04857080429792404,0.04342583566904068,0.04450054094195366,0.009930942207574844,0.053356777876615524,0.04623369872570038,0.04498666524887085,0.04427645355463028,0.008370112627744675,0.0015608295798301697,-0.0015608295798301697,win,win
ai_046_005_cam_00_frame.0064,ai_046_005,native_disparity_mae,0.05310266464948654,0.04914413392543793,0.04390358179807663,0.04468170553445816,0.009199082851409912,0.05310266464948654,0.047035425901412964,0.048618972301483154,0.05173374339938164,0.0044836923480033875,0.004715390503406525,-0.004715390503406525,win,win
ai_047_009_cam_00_frame.0038,ai_047_009,native_disparity_mae,0.04331003874540329,0.04131856560707092,0.04007086902856827,0.04288671538233757,0.003239169716835022,0.04331003874540329,0.03711418807506561,0.03704652935266495,0.03799770399928093,0.006263509392738342,-0.0030243396759033203,0.0030243396759033203,win,win
ai_048_001_cam_00_frame.0013,ai_048_001,native_disparity_mae,0.1571209728717804,0.1571568250656128,0.15736576914787292,0.15788426995277405,-0.0002447962760925293,0.1571209728717804,0.16526806354522705,0.1733092963695526,0.17746230959892273,-0.016188323497772217,0.015943527221679688,-0.015943527221679688,loss,loss
ai_048_001_cam_00_frame.0088,ai_048_001,native_disparity_mae,0.15143057703971863,0.14991191029548645,0.14696377515792847,0.14413121342658997,0.004466801881790161,0.15143057703971863,0.14206212759017944,0.13745316863059998,0.13555610179901123,0.013977408409118652,-0.009510606527328491,0.009510606527328491,win,win
ai_048_001_cam_01_frame.0064,ai_048_001,native_disparity_mae,0.02351880446076393,0.02227906882762909,0.023580467328429222,0.02692597173154354,-6.166286766529083e-05,0.02351880446076393,0.020351741462945938,0.01945572718977928,0.021433722227811813,0.00406307727098465,-0.0041247401386499405,0.0041247401386499405,loss,win
ai_048_001_cam_02_frame.0050,ai_048_001,native_disparity_mae,0.08353264629840851,0.08480732142925262,0.0875139981508255,0.09037657827138901,-0.003981351852416992,0.08353264629840851,0.08742941915988922,0.0909121036529541,0.09400883316993713,-0.007379457354545593,0.003398105502128601,-0.003398105502128601,loss,loss
ai_048_001_cam_03_frame.0029,ai_048_001,native_disparity_mae,0.1427050232887268,0.14442522823810577,0.14873674511909485,0.15435341000556946,-0.006031721830368042,0.1427050232887268,0.17127498984336853,0.1810060441493988,0.18579140305519104,-0.038301020860672,0.032269299030303955,-0.032269299030303955,loss,loss
ai_050_002_cam_00_frame.0004,ai_050_002,native_disparity_mae,0.04320606216788292,0.042551618069410324,0.04454217851161957,0.053005605936050415,-0.0013361163437366486,0.04320606216788292,0.04489836096763611,0.048172056674957275,0.052314434200525284,-0.004965994507074356,0.0036298781633377075,-0.0036298781633377075,loss,loss
ai_050_002_cam_00_frame.0081,ai_050_002,native_disparity_mae,0.0730319693684578,0.07069876044988632,0.06733425706624985,0.0652480497956276,0.005697712302207947,0.0730319693684578,0.07496213167905807,0.07863771915435791,0.08103474974632263,-0.005605749785900116,0.011303462088108063,-0.011303462088108063,win,loss
ai_050_002_cam_01_frame.0056,ai_050_002,native_disparity_mae,0.0359640046954155,0.03471041098237038,0.037106797099113464,0.044058047235012054,-0.0011427924036979675,0.0359640046954155,0.042859114706516266,0.045787639915943146,0.049422234296798706,-0.009823635220527649,0.008680842816829681,-0.008680842816829681,loss,loss
ai_050_002_cam_02_frame.0033,ai_050_002,native_disparity_mae,0.043695222586393356,0.043842703104019165,0.04732745885848999,0.05456127971410751,-0.003632236272096634,0.043695222586393356,0.04314383119344711,0.04227855056524277,0.04263072833418846,0.001416672021150589,-0.005048908293247223,0.005048908293247223,loss,win
ai_050_002_cam_03_frame.0010,ai_050_002,native_disparity_mae,0.05447766184806824,0.053210243582725525,0.05281925946474075,0.05423856899142265,0.0016584023833274841,0.05447766184806824,0.05515502020716667,0.056661076843738556,0.06177137419581413,-0.0021834149956703186,0.0038418173789978027,-0.0038418173789978027,win,loss
ai_050_002_cam_03_frame.0099,ai_050_002,native_disparity_mae,0.13446076214313507,0.13497047126293182,0.1375584453344345,0.14044936001300812,-0.0030976831912994385,0.13446076214313507,0.1407468318939209,0.14254023134708405,0.14485923945903778,-0.008079469203948975,0.004981786012649536,-0.004981786012649536,loss,loss
ai_050_002_cam_04_frame.0076,ai_050_002,native_disparity_mae,0.057755716145038605,0.05597870796918869,0.054830215871334076,0.05443331599235535,0.002925500273704529,0.057755716145038605,0.051443856209516525,0.04837566614151001,0.047055795788764954,0.009380050003528595,-0.006454549729824066,0.006454549729824066,win,win
ai_051_004_cam_00_frame.0051,ai_051_004,native_disparity_mae,0.06755479425191879,0.06793972849845886,0.07162348181009293,0.07722209393978119,-0.004068687558174133,0.06755479425191879,0.07429410517215729,0.07737413793802261,0.08076057583093643,-0.00981934368610382,0.0057506561279296875,-0.0057506561279296875,loss,loss
ai_051_004_cam_01_frame.0026,ai_051_004,native_disparity_mae,0.06658666580915451,0.06580980867147446,0.06844888627529144,0.07247976958751678,-0.0018622204661369324,0.06658666580915451,0.06461305916309357,0.0674925372004509,0.07091036438941956,-0.0009058713912963867,-0.0009563490748405457,0.0009563490748405457,loss,loss
ai_051_004_cam_02_frame.0000,ai_051_004,native_disparity_mae,0.06780418753623962,0.06499149650335312,0.061123162508010864,0.06152389198541641,0.00668102502822876,0.06780418753623962,0.04769689589738846,0.044278115034103394,0.045621514320373535,0.02352607250213623,-0.01684504747390747,0.01684504747390747,win,win
ai_051_004_cam_02_frame.0075,ai_051_004,native_disparity_mae,0.1164533719420433,0.11656530946493149,0.11818362772464752,0.12054907530546188,-0.0017302557826042175,0.1164533719420433,0.11897220462560654,0.11984466016292572,0.12042715400457382,-0.0033912882208824158,0.0016610324382781982,-0.0016610324382781982,loss,loss
ai_051_004_cam_03_frame.0066,ai_051_004,native_disparity_mae,0.06775622069835663,0.06632931530475616,0.0641200914978981,0.06289368867874146,0.0036361292004585266,0.06775622069835663,0.0788477212190628,0.08021298050880432,0.08314555138349533,-0.012456759810447693,0.01609288901090622,-0.01609288901090622,win,loss
ai_051_004_cam_04_frame.0051,ai_051_004,native_disparity_mae,0.04812416434288025,0.04843185096979141,0.05097281560301781,0.05575001239776611,-0.002848651260137558,0.04812416434288025,0.047956787049770355,0.048416465520858765,0.04949774593114853,-0.0002923011779785156,-0.0025563500821590424,0.0025563500821590424,loss,loss
ai_051_004_cam_05_frame.0026,ai_051_004,native_disparity_mae,0.03473181277513504,0.029037898406386375,0.023894954472780228,0.027434557676315308,0.010836858302354813,0.03473181277513504,0.019795134663581848,0.01951766014099121,0.023425091058015823,0.01521415263414383,-0.004377294331789017,0.004377294331789017,win,win
ai_052_001_cam_00_frame.0000,ai_052_001,native_disparity_mae,0.06128086894750595,0.05952651426196098,0.058123648166656494,0.0590335950255394,0.003157220780849457,0.06128086894750595,0.05079277604818344,0.04670020192861557,0.04577713832259178,0.01458066701889038,-0.011423446238040924,0.011423446238040924,win,win
ai_052_001_cam_00_frame.0075,ai_052_001,native_disparity_mae,0.02356056496500969,0.022506749257445335,0.02298164926469326,0.02629721723496914,0.0005789157003164291,0.02356056496500969,0.021426383405923843,0.02069033309817314,0.022447165101766586,0.002870231866836548,-0.0022913161665201187,0.0022913161665201187,win,win
ai_052_001_cam_01_frame.0049,ai_052_001,native_disparity_mae,0.08500559628009796,0.08309069275856018,0.08372075855731964,0.08650454133749008,0.0012848377227783203,0.08500559628009796,0.07840215414762497,0.07655128836631775,0.07695645093917847,0.008454307913780212,-0.007169470191001892,0.007169470191001892,win,win
ai_052_003_cam_00_frame.0024,ai_052_003,native_disparity_mae,0.02878834307193756,0.025023464113473892,0.02041562646627426,0.020920520648360252,0.0083727166056633,0.02878834307193756,0.02248222753405571,0.023777812719345093,0.027164246886968613,0.005010530352592468,0.0033621862530708313,-0.0033621862530708313,win,win
ai_052_003_cam_01_frame.0004,ai_052_003,native_disparity_mae,0.03160583972930908,0.027052737772464752,0.023560896515846252,0.027039503678679466,0.00804494321346283,0.03160583972930908,0.017392665147781372,0.018554016947746277,0.022481590509414673,0.013051822781562805,-0.005006879568099976,0.005006879568099976,win,win
ai_052_003_cam_01_frame.0092,ai_052_003,native_disparity_mae,0.03190774470567703,0.027419332414865494,0.026994846761226654,0.03383591026067734,0.004912897944450378,0.03190774470567703,0.02249756082892418,0.022473886609077454,0.024368003010749817,0.009433858096599579,-0.0045209601521492004,0.0045209601521492004,win,win
ai_052_007_cam_00_frame.0069,ai_052_007,native_disparity_mae,0.09621657431125641,0.09557866305112839,0.09463263303041458,0.09394969046115875,0.0015839412808418274,0.09621657431125641,0.09534488618373871,0.09576021134853363,0.09694182127714157,0.0004563629627227783,0.001127578318119049,-0.001127578318119049,win,win
ai_052_007_cam_01_frame.0043,ai_052_007,native_disparity_mae,0.045465338975191116,0.043609559535980225,0.0425112284719944,0.04334622249007225,0.0029541105031967163,0.045465338975191116,0.05726955831050873,0.05853697657585144,0.06040632724761963,-0.013071637600660324,0.01602574810385704,-0.01602574810385704,win,loss
ai_053_003_cam_00_frame.0018,ai_053_003,native_disparity_mae,0.03089071810245514,0.02608299069106579,0.019254451617598534,0.01912699081003666,0.011636266484856606,0.03089071810245514,0.021477054804563522,0.017794154584407806,0.02069409191608429,0.013096563518047333,-0.0014602970331907272,0.0014602970331907272,win,win
ai_053_003_cam_00_frame.0093,ai_053_003,native_disparity_mae,0.04979311302304268,0.047187816351652145,0.043047793209552765,0.04007377102971077,0.006745319813489914,0.04979311302304268,0.04651867598295212,0.04417646676301956,0.044345173984766006,0.005616646260023117,0.0011286735534667969,-0.0011286735534667969,win,win
ai_053_005_cam_00_frame.0067,ai_053_005,native_disparity_mae,0.05649789795279503,0.055829007178545,0.05579463392496109,0.056184072047472,0.0007032640278339386,0.05649789795279503,0.05601777881383896,0.0579867959022522,0.05999293550848961,-0.0014888979494571686,0.002192161977291107,-0.002192161977291107,win,loss
ai_055_009_cam_00_frame.0043,ai_055_009,native_disparity_mae,0.021929197013378143,0.020383909344673157,0.020530611276626587,0.02342500537633896,0.0013985857367515564,0.021929197013378143,0.02167489379644394,0.028316330164670944,0.03426746279001236,-0.006387133151292801,0.007785718888044357,-0.007785718888044357,win,loss
ai_055_009_cam_01_frame.0017,ai_055_009,native_disparity_mae,0.04108715057373047,0.040309831500053406,0.040219858288764954,0.043684300035238266,0.0008672922849655151,0.04108715057373047,0.039527084678411484,0.043359071016311646,0.04734518378973007,-0.0022719204425811768,0.003139212727546692,-0.003139212727546692,win,loss
ai_055_009_cam_01_frame.0099,ai_055_009,native_disparity_mae,0.02964242361485958,0.02748176082968712,0.028781136497855186,0.033031634986400604,0.0008612871170043945,0.02964242361485958,0.029709767550230026,0.033376291394233704,0.03681664913892746,-0.0037338677793741226,0.004595154896378517,-0.004595154896378517,win,loss
ai_003_010_cam_00_frame.0000,ai_003_010,affine_point_rel,0.09952598810195923,0.09628566354513168,0.09466741979122162,0.09689643979072571,0.00485856831073761,0.09952598810195923,0.09602924436330795,0.08963465690612793,0.08992724120616913,0.009891331195831299,-0.005032762885093689,0.005032762885093689,win,win
ai_003_010_cam_00_frame.0077,ai_003_010,affine_point_rel,0.043502502143383026,0.039982035756111145,0.03552462160587311,0.03608861565589905,0.007977880537509918,0.043502502143383026,0.030107155442237854,0.025905340909957886,0.029451727867126465,0.01759716123342514,-0.009619280695915222,0.009619280695915222,win,win
ai_003_010_cam_01_frame.0051,ai_003_010,affine_point_rel,0.0590708926320076,0.05243740975856781,0.06358908116817474,0.08876794576644897,-0.004518188536167145,0.0590708926320076,0.0489753820002079,0.05637558922171593,0.06688398867845535,0.0026953034102916718,-0.0072134919464588165,0.0072134919464588165,loss,win
ai_004_003_cam_00_frame.0026,ai_004_003,affine_point_rel,0.20769430696964264,0.20499813556671143,0.2004622519016266,0.1985628306865692,0.007232055068016052,0.20769430696964264,0.18945740163326263,0.19326432049274445,0.19944462180137634,0.014429986476898193,-0.007197931408882141,0.007197931408882141,win,win
ai_004_003_cam_01_frame.0000,ai_004_003,affine_point_rel,0.04599837213754654,0.04468579217791557,0.04221533238887787,0.0397840216755867,0.0037830397486686707,0.04599837213754654,0.04056061431765556,0.03287188708782196,0.028534164652228355,0.013126485049724579,-0.009343445301055908,0.009343445301055908,win,win
ai_004_003_cam_01_frame.0075,ai_004_003,affine_point_rel,0.05884455516934395,0.052328504621982574,0.047881219536066055,0.06001300737261772,0.010963335633277893,0.05884455516934395,0.04747714474797249,0.04990377649664879,0.05471470579504967,0.00894077867269516,0.002022556960582733,-0.002022556960582733,win,win
ai_004_004_cam_00_frame.0050,ai_004_004,affine_point_rel,0.07320103049278259,0.07182614505290985,0.06857763230800629,0.06906697899103165,0.004623398184776306,0.07320103049278259,0.06861921399831772,0.06986602395772934,0.07139742374420166,0.003335006535053253,0.001288391649723053,-0.001288391649723053,win,win
ai_004_004_cam_01_frame.0024,ai_004_004,affine_point_rel,0.03589335456490517,0.027836820110678673,0.014550956897437572,0.013389725238084793,0.021342397667467594,0.03589335456490517,0.009735743515193462,0.00935894250869751,0.012781812809407711,0.026534412056207657,-0.005192014388740063,0.005192014388740063,win,win
ai_004_004_cam_01_frame.0099,ai_004_004,affine_point_rel,0.16105446219444275,0.1528846025466919,0.15326252579689026,0.16847144067287445,0.00779193639755249,0.16105446219444275,0.1510993093252182,0.15414871275424957,0.16732245683670044,0.006905749440193176,0.000886186957359314,-0.000886186957359314,win,win
ai_004_010_cam_01_frame.0023,ai_004_010,affine_point_rel,0.12557204067707062,0.11744246631860733,0.10534277558326721,0.11359148472547531,0.020229265093803406,0.12557204067707062,0.10826365649700165,0.1025674119591713,0.10811709612607956,0.023004628717899323,-0.0027753636240959167,0.0027753636240959167,win,win
ai_005_005_cam_00_frame.0017,ai_005_005,affine_point_rel,0.10779993236064911,0.10557174682617188,0.10132863372564316,0.09791793674230576,0.006471298635005951,0.10779993236064911,0.10315470397472382,0.09878365695476532,0.09820755571126938,0.009016275405883789,-0.002544976770877838,0.002544976770877838,win,win
ai_005_005_cam_00_frame.0092,ai_005_005,affine_point_rel,0.06421948224306107,0.06109166145324707,0.05858292803168297,0.06316223740577698,0.0056365542113780975,0.06421948224306107,0.06003710627555847,0.06135651096701622,0.06429651379585266,0.0028629712760448456,0.002773582935333252,-0.002773582935333252,win,win
ai_006_007_cam_00_frame.0066,ai_006_007,affine_point_rel,0.05332764983177185,0.04676952213048935,0.03680841624736786,0.03244038671255112,0.01651923358440399,0.05332764983177185,0.022343112155795097,0.021062558516860008,0.026031281799077988,0.03226509131491184,-0.01574585773050785,0.01574585773050785,win,win
ai_007_001_cam_00_frame.0042,ai_007_001,affine_point_rel,0.07960381358861923,0.07695621252059937,0.0769956037402153,0.08480655401945114,0.0026082098484039307,0.07960381358861923,0.07124210894107819,0.06915131211280823,0.07004621624946594,0.010452501475811005,-0.007844291627407074,0.007844291627407074,win,win
ai_007_001_cam_01_frame.0016,ai_007_001,affine_point_rel,0.08024127781391144,0.06932367384433746,0.05147763714194298,0.04749062657356262,0.02876364067196846,0.08024127781391144,0.05878812074661255,0.0527917854487896,0.061507176607847214,0.02744949236512184,0.0013141483068466187,-0.0013141483068466187,win,win
ai_007_001_cam_01_frame.0091,ai_007_001,affine_point_rel,0.06668341904878616,0.05640237778425217,0.04869434982538223,0.06197131797671318,0.01798906922340393,0.06668341904878616,0.0546741783618927,0.04776620864868164,0.05732957646250725,0.018917210400104523,-0.000928141176700592,0.000928141176700592,win,win
ai_009_007_cam_00_frame.0066,ai_009_007,affine_point_rel,0.04248254746198654,0.03808235377073288,0.03211858868598938,0.029588595032691956,0.010363958775997162,0.04248254746198654,0.018465423956513405,0.01621483825147152,0.01760433241724968,0.026267709210515022,-0.01590375043451786,0.01590375043451786,win,win
ai_009_009_cam_00_frame.0040,ai_009_009,affine_point_rel,0.11169116944074631,0.09845027327537537,0.09076283872127533,0.1122247725725174,0.020928330719470978,0.11169116944074631,0.0956658124923706,0.0798279196023941,0.0924261212348938,0.0318632498383522,-0.010934919118881226,0.010934919118881226,win,win
ai_010_007_cam_00_frame.0015,ai_010_007,affine_point_rel,0.04526933282613754,0.03758428990840912,0.023869279772043228,0.019571486860513687,0.021400053054094315,0.04526933282613754,0.02082231268286705,0.015341895632445812,0.020803695544600487,0.02992743719369173,-0.008527384139597416,0.008527384139597416,win,win
ai_010_007_cam_00_frame.0089,ai_010_007,affine_point_rel,0.04611354321241379,0.03842606768012047,0.026723181828856468,0.024367263540625572,0.01939036138355732,0.04611354321241379,0.022908654063940048,0.017154201865196228,0.02166050300002098,0.02895934134721756,-0.00956897996366024,0.00956897996366024,win,win
ai_012_005_cam_00_frame.0064,ai_012_005,affine_point_rel,0.07971532642841339,0.07448828220367432,0.06585673987865448,0.06363687664270401,0.013858586549758911,0.07971532642841339,0.06720172613859177,0.060293249785900116,0.05900047719478607,0.019422076642513275,-0.005563490092754364,0.005563490092754364,win,win
ai_015_001_cam_00_frame.0039,ai_015_001,affine_point_rel,0.040198419243097305,0.03372509032487869,0.02472778782248497,0.023356210440397263,0.015470631420612335,0.040198419243097305,0.026389405131340027,0.026892749592661858,0.03348688408732414,0.013305669650435448,0.0021649617701768875,-0.0021649617701768875,win,win
ai_015_004_cam_00_frame.0013,ai_015_004,affine_point_rel,0.035339660942554474,0.026564184576272964,0.011250908486545086,0.013953699730336666,0.024088752456009388,0.035339660942554474,0.01045939140021801,0.015416908077895641,0.022699518129229546,0.019922752864658833,0.004165999591350555,-0.004165999591350555,win,win
ai_015_004_cam_00_frame.0088,ai_015_004,affine_point_rel,0.03380381315946579,0.03247413784265518,0.03068115934729576,0.03020799160003662,0.0031226538121700287,0.03380381315946579,0.02510691247880459,0.02285788580775261,0.02370532974600792,0.01094592735171318,-0.007823273539543152,0.007823273539543152,win,win
ai_016_001_cam_01_frame.0062,ai_016_001,affine_point_rel,0.09162888675928116,0.09024009853601456,0.09016910195350647,0.09728388488292694,0.0014597848057746887,0.09162888675928116,0.08387325704097748,0.08776351064443588,0.09215918183326721,0.003865376114845276,-0.002405591309070587,0.002405591309070587,win,win
ai_016_004_cam_00_frame.0037,ai_016_004,affine_point_rel,0.11053120344877243,0.1022811010479927,0.09461324661970139,0.09965880215167999,0.015917956829071045,0.11053120344877243,0.10070101916790009,0.09887415170669556,0.10468599945306778,0.011657051742076874,0.004260905086994171,-0.004260905086994171,win,win
ai_017_007_cam_00_frame.0011,ai_017_007,affine_point_rel,0.07101717591285706,0.06416197866201401,0.05626561865210533,0.058135177940130234,0.014751557260751724,0.07101717591285706,0.053619787096977234,0.05081499367952347,0.05611572787165642,0.020202182233333588,-0.005450624972581863,0.005450624972581863,win,win
ai_017_007_cam_00_frame.0086,ai_017_007,affine_point_rel,0.05143771693110466,0.04622271656990051,0.041756145656108856,0.04327446222305298,0.009681571274995804,0.05143771693110466,0.039591722190380096,0.03833312541246414,0.03795056790113449,0.013104591518640518,-0.0034230202436447144,0.0034230202436447144,win,win
ai_017_007_cam_01_frame.0061,ai_017_007,affine_point_rel,0.0552288219332695,0.04641240835189819,0.03498852252960205,0.0372084379196167,0.02024029940366745,0.0552288219332695,0.03349325805902481,0.03290673717856407,0.045457761734724045,0.02232208475470543,-0.002081785351037979,0.002081785351037979,win,win
ai_018_005_cam_00_frame.0035,ai_018_005,affine_point_rel,0.06187523528933525,0.05829883739352226,0.05373651161789894,0.055407240986824036,0.00813872367143631,0.06187523528933525,0.05770280957221985,0.05638261139392853,0.058721572160720825,0.005492623895406723,0.002646099776029587,-0.002646099776029587,win,win
ai_018_005_cam_01_frame.0010,ai_018_005,affine_point_rel,0.03805528208613396,0.03130442649126053,0.021168284118175507,0.01722087524831295,0.01688699796795845,0.03805528208613396,0.018160326406359673,0.01875843107700348,0.02352141961455345,0.019296851009130478,-0.0024098530411720276,0.0024098530411720276,win,win
ai_018_005_cam_01_frame.0084,ai_018_005,affine_point_rel,0.11666326224803925,0.11616573482751846,0.11726270616054535,0.11954654008150101,-0.0005994439125061035,0.11666326224803925,0.11575618386268616,0.11169855296611786,0.10920806974172592,0.004964709281921387,-0.00556415319442749,0.00556415319442749,loss,win
ai_019_008_cam_00_frame.0059,ai_019_008,affine_point_rel,0.10191681981086731,0.10234253853559494,0.11078249663114548,0.12280260026454926,-0.008865676820278168,0.10191681981086731,0.10576718300580978,0.11434432864189148,0.12269636988639832,-0.01242750883102417,0.003561832010746002,-0.003561832010746002,loss,loss
ai_022_010_cam_00_frame.0034,ai_022_010,affine_point_rel,0.09018383175134659,0.08369869738817215,0.0790279358625412,0.07738909870386124,0.01115589588880539,0.09018383175134659,0.08499894291162491,0.07646827399730682,0.07577881217002869,0.013715557754039764,-0.002559661865234375,0.002559661865234375,win,win
ai_023_003_cam_00_frame.0008,ai_023_003,affine_point_rel,0.05051746219396591,0.04668158292770386,0.0396103709936142,0.03432541340589523,0.010907091200351715,0.05051746219396591,0.030480563640594482,0.026674868538975716,0.025077704340219498,0.023842593654990196,-0.012935502454638481,0.012935502454638481,win,win
ai_023_003_cam_00_frame.0083,ai_023_003,affine_point_rel,0.04791759327054024,0.043258119374513626,0.0349222831428051,0.028386712074279785,0.012995310127735138,0.04791759327054024,0.019077327102422714,0.01895051635801792,0.020329397171735764,0.028967076912522316,-0.015971766784787178,0.015971766784787178,win,win
ai_023_003_cam_01_frame.0057,ai_023_003,affine_point_rel,0.036690399050712585,0.030922474339604378,0.021938268095254898,0.017975203692913055,0.014752130955457687,0.036690399050712585,0.01600402407348156,0.011514151468873024,0.01498477067798376,0.02517624758183956,-0.010424116626381874,0.010424116626381874,win,win
ai_024_012_cam_00_frame.0032,ai_024_012,affine_point_rel,0.07105216383934021,0.06820090115070343,0.0646277517080307,0.06474966555833817,0.006424412131309509,0.07105216383934021,0.06475047022104263,0.059716951102018356,0.05860345438122749,0.011335212737321854,-0.004910800606012344,0.004910800606012344,win,win
ai_024_013_cam_00_frame.0007,ai_024_013,affine_point_rel,0.03625427186489105,0.03035399131476879,0.023412834852933884,0.026799645274877548,0.012841437011957169,0.03625427186489105,0.021971523761749268,0.023094672709703445,0.034444913268089294,0.013159599155187607,-0.00031816214323043823,0.00031816214323043823,win,win
ai_024_013_cam_00_frame.0081,ai_024_013,affine_point_rel,0.03404073417186737,0.02591811865568161,0.019803106784820557,0.0337185263633728,0.014237627387046814,0.03404073417186737,0.021041622385382652,0.03321344405412674,0.04259347915649414,0.0008272901177406311,0.013410337269306183,-0.013410337269306183,win,win
ai_028_008_cam_00_frame.0056,ai_028_008,affine_point_rel,0.1054081842303276,0.10273182392120361,0.09939101338386536,0.10007787495851517,0.00601717084646225,0.1054081842303276,0.09626292437314987,0.09852498769760132,0.10293307155370712,0.006883196532726288,-0.0008660256862640381,0.0008660256862640381,win,win
ai_030_008_cam_01_frame.0005,ai_030_008,affine_point_rel,0.05087120085954666,0.046357158571481705,0.038875777274370193,0.03393774852156639,0.011995423585176468,0.05087120085954666,0.03513803333044052,0.033872898668050766,0.035224027931690216,0.016998302191495895,-0.0050028786063194275,0.0050028786063194275,win,win
ai_031_004_cam_00_frame.0047,ai_031_004,affine_point_rel,0.06806198507547379,0.061601895838975906,0.060920171439647675,0.07423505187034607,0.007141813635826111,0.06806198507547379,0.06427565217018127,0.061198458075523376,0.061858151108026505,0.006863526999950409,0.0002782866358757019,-0.0002782866358757019,win,win
ai_031_010_cam_00_frame.0022,ai_031_010,affine_point_rel,0.06798747926950455,0.06605096906423569,0.06680425256490707,0.07112915068864822,0.0011832267045974731,0.06798747926950455,0.06402894109487534,0.06695535033941269,0.07283531874418259,0.001032128930091858,0.00015109777450561523,-0.00015109777450561523,win,win
ai_031_010_cam_00_frame.0096,ai_031_010,affine_point_rel,0.07777322083711624,0.07369541376829147,0.07101790606975555,0.0770813375711441,0.006755314767360687,0.07777322083711624,0.08078611642122269,0.08432009071111679,0.08960284292697906,-0.006546869874000549,0.013302184641361237,-0.013302184641361237,win,loss
ai_032_007_cam_00_frame.0071,ai_032_007,affine_point_rel,0.060452260076999664,0.052500396966934204,0.07779598236083984,0.1176857203245163,-0.01734372228384018,0.060452260076999664,0.05835583060979843,0.05801478028297424,0.07098385691642761,0.002437479794025421,-0.0197812020778656,0.0197812020778656,loss,win
ai_035_003_cam_00_frame.0045,ai_035_003,affine_point_rel,0.06821583211421967,0.06720229983329773,0.06670783460140228,0.06661778688430786,0.0015079975128173828,0.06821583211421967,0.0644979476928711,0.05956593155860901,0.05808449909090996,0.008649900555610657,-0.007141903042793274,0.007141903042793274,win,win
ai_035_004_cam_00_frame.0020,ai_035_004,affine_point_rel,0.09165068715810776,0.08800636231899261,0.09337900578975677,0.11498227715492249,-0.0017283186316490173,0.09165068715810776,0.08872583508491516,0.09775764495134354,0.11131580173969269,-0.006106957793235779,0.0043786391615867615,-0.0043786391615867615,loss,loss
ai_035_004_cam_00_frame.0095,ai_035_004,affine_point_rel,0.5100177526473999,0.5086942315101624,0.5174636244773865,0.5305127501487732,-0.007445871829986572,0.5100177526473999,0.49758180975914,0.4735603928565979,0.46646663546562195,0.036457359790802,-0.043903231620788574,0.043903231620788574,loss,win
ai_038_009_cam_00_frame.0069,ai_038_009,affine_point_rel,0.06488253176212311,0.06290444731712341,0.06001736968755722,0.059348009526729584,0.0048651620745658875,0.06488253176212311,0.05819281190633774,0.05723853036761284,0.057901494204998016,0.007644001394510269,-0.0027788393199443817,0.0027788393199443817,win,win
ai_038_009_cam_01_frame.0044,ai_038_009,affine_point_rel,0.20044934749603271,0.19910132884979248,0.19774197041988373,0.19745026528835297,0.002707377076148987,0.20044934749603271,0.18271178007125854,0.17014461755752563,0.16580991446971893,0.03030472993850708,-0.027597352862358093,0.027597352862358093,win,win
ai_039_003_cam_00_frame.0018,ai_039_003,affine_point_rel,0.06315603107213974,0.0557502806186676,0.04448477551341057,0.044668883085250854,0.018671255558729172,0.06315603107213974,0.048958670347929,0.03947558254003525,0.03771144151687622,0.023680448532104492,-0.0050091929733753204,0.0050091929733753204,win,win
ai_039_003_cam_00_frame.0093,ai_039_003,affine_point_rel,0.12214740365743637,0.12049492448568344,0.11812442541122437,0.11628283560276031,0.004022978246212006,0.12214740365743637,0.11026741564273834,0.10256905853748322,0.09992154687643051,0.019578345119953156,-0.01555536687374115,0.01555536687374115,win,win
ai_039_003_cam_01_frame.0068,ai_039_003,affine_point_rel,0.053977638483047485,0.05006585642695427,0.0519532673060894,0.06434329599142075,0.002024371176958084,0.053977638483047485,0.04463419318199158,0.050189804285764694,0.05754882097244263,0.003787834197282791,-0.001763463020324707,0.001763463020324707,win,win
ai_041_003_cam_00_frame.0042,ai_041_003,affine_point_rel,0.054575443267822266,0.047366317361593246,0.040427640080451965,0.04311098903417587,0.0141478031873703,0.054575443267822266,0.03556354343891144,0.037431471049785614,0.041286781430244446,0.01714397221803665,-0.0029961690306663513,0.0029961690306663513,win,win
ai_044_001_cam_00_frame.0017,ai_044_001,affine_point_rel,0.07766507565975189,0.07028193771839142,0.05900345370173454,0.05431850254535675,0.01866162195801735,0.07766507565975189,0.059189483523368835,0.05152283236384392,0.052906692028045654,0.026142243295907974,-0.007480621337890625,0.007480621337890625,win,win
ai_044_001_cam_00_frame.0091,ai_044_001,affine_point_rel,0.09326839447021484,0.08347056061029434,0.0679740384221077,0.06419883668422699,0.025294356048107147,0.09326839447021484,0.06318620592355728,0.054615721106529236,0.05403469502925873,0.03865267336368561,-0.01335831731557846,0.01335831731557846,win,win
ai_044_001_cam_01_frame.0067,ai_044_001,affine_point_rel,0.05608627572655678,0.04445136711001396,0.03114197589457035,0.04046719893813133,0.024944299831986427,0.05608627572655678,0.037253547459840775,0.029620220884680748,0.036990366876125336,0.02646605484187603,-0.0015217550098896027,0.0015217550098896027,win,win
ai_044_003_cam_01_frame.0042,ai_044_003,affine_point_rel,0.04703257605433464,0.03792603686451912,0.024289429187774658,0.028613561764359474,0.022743146866559982,0.04703257605433464,0.02837700955569744,0.028568200767040253,0.032297197729349136,0.018464375287294388,0.0042787715792655945,-0.0042787715792655945,win,win
ai_044_003_cam_02_frame.0016,ai_044_003,affine_point_rel,0.04308339208364487,0.032152533531188965,0.023866921663284302,0.038809895515441895,0.019216470420360565,0.04308339208364487,0.01748986355960369,0.019263729453086853,0.024148080497980118,0.023819662630558014,-0.004603192210197449,0.004603192210197449,win,win
ai_044_003_cam_02_frame.0091,ai_044_003,affine_point_rel,0.047866325825452805,0.03872557729482651,0.025192977860569954,0.03407801315188408,0.02267334796488285,0.047866325825452805,0.027030950412154198,0.02605009451508522,0.03127041086554527,0.021816231310367584,0.0008571166545152664,-0.0008571166545152664,win,win
ai_044_003_cam_03_frame.0065,ai_044_003,affine_point_rel,0.06247521936893463,0.05743784084916115,0.051817696541547775,0.05340377986431122,0.010657522827386856,0.06247521936893463,0.05157925561070442,0.05393996834754944,0.06055573746562004,0.008535251021385193,0.002122271806001663,-0.002122271806001663,win,win
ai_045_008_cam_00_frame.0040,ai_045_008,affine_point_rel,0.046072982251644135,0.043336041271686554,0.038169119507074356,0.033683717250823975,0.007903862744569778,0.046072982251644135,0.027419932186603546,0.01610436476767063,0.017420558258891106,0.029968617483973503,-0.022064754739403725,0.022064754739403725,win,win
ai_045_008_cam_01_frame.0015,ai_045_008,affine_point_rel,0.05852792039513588,0.05213738977909088,0.0428488627076149,0.03988247364759445,0.01567905768752098,0.05852792039513588,0.042596545070409775,0.03572442755103111,0.039606548845767975,0.022803492844104767,-0.007124435156583786,0.007124435156583786,win,win
ai_045_008_cam_01_frame.0089,ai_045_008,affine_point_rel,0.17625805735588074,0.1672613024711609,0.16097170114517212,0.1668907254934311,0.015286356210708618,0.17625805735588074,0.16566601395606995,0.16053861379623413,0.15880204737186432,0.015719443559646606,-0.0004330873489379883,0.0004330873489379883,win,win
ai_046_005_cam_00_frame.0064,ai_046_005,affine_point_rel,0.06867405772209167,0.06446315348148346,0.059538424015045166,0.05871819704771042,0.009135633707046509,0.06867405772209167,0.05753437802195549,0.05660741776227951,0.06144673749804497,0.012066639959812164,-0.0029310062527656555,0.0029310062527656555,win,win
ai_047_009_cam_00_frame.0038,ai_047_009,affine_point_rel,0.21236199140548706,0.21787449717521667,0.237693190574646,0.283000111579895,-0.025331199169158936,0.21236199140548706,0.20968501269817352,0.2157648801803589,0.2212347686290741,-0.003402888774871826,-0.02192831039428711,0.02192831039428711,loss,loss
ai_048_001_cam_00_frame.0013,ai_048_001,affine_point_rel,0.06717926263809204,0.06586909294128418,0.06447974592447281,0.06405352056026459,0.002699516713619232,0.06717926263809204,0.06620293110609055,0.06843781471252441,0.07039260864257812,-0.001258552074432373,0.003958068788051605,-0.003958068788051605,win,loss
ai_048_001_cam_00_frame.0088,ai_048_001,affine_point_rel,0.09529285132884979,0.09314903616905212,0.09028925746679306,0.08897368609905243,0.005003593862056732,0.09529285132884979,0.08958703279495239,0.08996886014938354,0.09135608375072479,0.0053239911794662476,-0.0003203973174095154,0.0003203973174095154,win,win
ai_048_001_cam_01_frame.0064,ai_048_001,affine_point_rel,0.06427660584449768,0.059882521629333496,0.058842919766902924,0.06522904336452484,0.005433686077594757,0.06427660584449768,0.05604356527328491,0.05537952110171318,0.06366539001464844,0.0088970847427845,-0.003463398665189743,0.003463398665189743,win,win
ai_048_001_cam_02_frame.0050,ai_048_001,affine_point_rel,0.04049903154373169,0.04102466255426407,0.043611686676740646,0.04755854606628418,-0.003112655133008957,0.04049903154373169,0.043848227709531784,0.05296100303530693,0.06039239093661308,-0.012461971491575241,0.009349316358566284,-0.009349316358566284,loss,loss
ai_048_001_cam_03_frame.0029,ai_048_001,affine_point_rel,0.10199795663356781,0.10167407244443893,0.10249654948711395,0.10441379994153976,-0.0004985928535461426,0.10199795663356781,0.10798677057027817,0.11048877239227295,0.11118169873952866,-0.00849081575870514,0.007992222905158997,-0.007992222905158997,loss,loss
ai_050_002_cam_00_frame.0004,ai_050_002,affine_point_rel,0.09161341935396194,0.09210658818483353,0.09626751393079758,0.10399161279201508,-0.004654094576835632,0.09161341935396194,0.09565818309783936,0.10169660300016403,0.10710066556930542,-0.010083183646202087,0.005429089069366455,-0.005429089069366455,loss,loss
ai_050_002_cam_00_frame.0081,ai_050_002,affine_point_rel,0.12747910618782043,0.12540820240974426,0.1369430124759674,0.16367191076278687,-0.009463906288146973,0.12747910618782043,0.1270941197872162,0.13231419026851654,0.14202770590782166,-0.004835084080696106,-0.004628822207450867,0.004628822207450867,loss,loss
ai_050_002_cam_01_frame.0056,ai_050_002,affine_point_rel,0.11709137260913849,0.11575163900852203,0.12046035379171371,0.13232335448265076,-0.003368981182575226,0.11709137260913849,0.12240999937057495,0.12822873890399933,0.13395532965660095,-0.01113736629486084,0.007768385112285614,-0.007768385112285614,loss,loss
ai_050_002_cam_02_frame.0033,ai_050_002,affine_point_rel,0.0741603747010231,0.07087266445159912,0.07505664229393005,0.08806595206260681,-0.0008962675929069519,0.0741603747010231,0.069811150431633,0.0722346380352974,0.08135904371738434,0.001925736665725708,-0.00282200425863266,0.00282200425863266,loss,win
ai_050_002_cam_03_frame.0010,ai_050_002,affine_point_rel,0.07449411600828171,0.07035515457391739,0.06221441552042961,0.059380900114774704,0.012279700487852097,0.07449411600828171,0.06951262801885605,0.07134062796831131,0.07748811691999435,0.003153488039970398,0.009126212447881699,-0.009126212447881699,win,win
ai_050_002_cam_03_frame.0099,ai_050_002,affine_point_rel,0.24950739741325378,0.24750623106956482,0.24693426489830017,0.2543177604675293,0.0025731325149536133,0.24950739741325378,0.25337347388267517,0.25089502334594727,0.2566158175468445,-0.0013876259326934814,0.003960758447647095,-0.003960758447647095,win,loss
ai_050_002_cam_04_frame.0076,ai_050_002,affine_point_rel,0.07335363328456879,0.06471745669841766,0.05450373515486717,0.05536723881959915,0.018849898129701614,0.07335363328456879,0.05889755114912987,0.05195862054824829,0.052385151386260986,0.021395012736320496,-0.0025451146066188812,0.0025451146066188812,win,win
ai_051_004_cam_00_frame.0051,ai_051_004,affine_point_rel,0.16790005564689636,0.16919724643230438,0.17681293189525604,0.18849381804466248,-0.00891287624835968,0.16790005564689636,0.17130284011363983,0.16972850263118744,0.16831254959106445,-0.0018284469842910767,-0.0070844292640686035,0.0070844292640686035,loss,loss
ai_051_004_cam_01_frame.0026,ai_051_004,affine_point_rel,0.17209309339523315,0.17404627799987793,0.18088480830192566,0.19244787096977234,-0.008791714906692505,0.17209309339523315,0.16903135180473328,0.1731140911579132,0.1783878207206726,-0.0010209977626800537,-0.007770717144012451,0.007770717144012451,loss,loss
ai_051_004_cam_02_frame.0000,ai_051_004,affine_point_rel,0.05275867506861687,0.0493306964635849,0.04605773091316223,0.04644326865673065,0.006700944155454636,0.05275867506861687,0.043713584542274475,0.04464448243379593,0.0477105937898159,0.008114192634820938,-0.0014132484793663025,0.0014132484793663025,win,win
ai_051_004_cam_02_frame.0075,ai_051_004,affine_point_rel,0.19618527591228485,0.19584403932094574,0.19784080982208252,0.2016434371471405,-0.0016555339097976685,0.19618527591228485,0.1929289996623993,0.1909332275390625,0.1891574114561081,0.005252048373222351,-0.0069075822830200195,0.0069075822830200195,loss,win
ai_051_004_cam_03_frame.0066,ai_051_004,affine_point_rel,0.035628464072942734,0.03183218091726303,0.02834254503250122,0.03284936398267746,0.007285919040441513,0.035628464072942734,0.03629685938358307,0.04136878252029419,0.04679374024271965,-0.005740318447351456,0.013026237487792969,-0.013026237487792969,win,loss
ai_051_004_cam_04_frame.0051,ai_051_004,affine_point_rel,0.09834180772304535,0.0957011803984642,0.09680162370204926,0.10425525158643723,0.0015401840209960938,0.09834180772304535,0.09503747522830963,0.09493504464626312,0.09751538932323456,0.0034067630767822266,-0.0018665790557861328,0.0018665790557861328,win,win
ai_051_004_cam_05_frame.0026,ai_051_004,affine_point_rel,0.04399380087852478,0.03659670799970627,0.026280179619789124,0.02965508960187435,0.017713621258735657,0.04399380087852478,0.026125550270080566,0.026958217844367027,0.03455463796854019,0.017035583034157753,0.0006780382245779037,-0.0006780382245779037,win,win
ai_052_001_cam_00_frame.0000,ai_052_001,affine_point_rel,0.06635286659002304,0.06477028131484985,0.06640690565109253,0.07381338626146317,-5.4039061069488525e-05,0.06635286659002304,0.0654221922159195,0.06989895552396774,0.07611992955207825,-0.003546088933944702,0.0034920498728752136,-0.0034920498728752136,loss,loss
ai_052_001_cam_00_frame.0075,ai_052_001,affine_point_rel,0.0610622763633728,0.05785868689417839,0.0631273090839386,0.07903286814689636,-0.002065032720565796,0.0610622763633728,0.05618898570537567,0.05975797027349472,0.07008282840251923,0.0013043060898780823,-0.003369338810443878,0.003369338810443878,loss,win
ai_052_001_cam_01_frame.0049,ai_052_001,affine_point_rel,0.1946643888950348,0.18996880948543549,0.18343567848205566,0.18058697879314423,0.011228710412979126,0.1946643888950348,0.1942228525876999,0.19296115636825562,0.19169573485851288,0.0017032325267791748,0.009525477886199951,-0.009525477886199951,win,win
ai_052_003_cam_00_frame.0024,ai_052_003,affine_point_rel,0.05228063464164734,0.04449811205267906,0.03385177254676819,0.033543623983860016,0.01842886209487915,0.05228063464164734,0.03508903831243515,0.038415562361478806,0.05017426609992981,0.013865072280168533,0.004563789814710617,-0.004563789814710617,win,win
ai_052_003_cam_01_frame.0004,ai_052_003,affine_point_rel,0.05133681744337082,0.0436578243970871,0.034883178770542145,0.040873896330595016,0.016453638672828674,0.05133681744337082,0.032937802374362946,0.03475892171263695,0.04346930980682373,0.01657789573073387,-0.00012425705790519714,0.00012425705790519714,win,win
ai_052_003_cam_01_frame.0092,ai_052_003,affine_point_rel,0.056408148258924484,0.04587039351463318,0.03276142477989197,0.037715256214141846,0.023646723479032516,0.056408148258924484,0.03227400779724121,0.03163493424654007,0.04238669574260712,0.024773214012384415,-0.0011264905333518982,0.0011264905333518982,win,win
ai_052_007_cam_00_frame.0069,ai_052_007,affine_point_rel,0.15631480515003204,0.15030813217163086,0.15536008775234222,0.1719200611114502,0.0009547173976898193,0.15631480515003204,0.14805397391319275,0.14820224046707153,0.15814444422721863,0.00811256468296051,-0.007157847285270691,0.007157847285270691,win,win
ai_052_007_cam_01_frame.0043,ai_052_007,affine_point_rel,0.07081515341997147,0.062137171626091,0.05487409606575966,0.0641605481505394,0.015941057354211807,0.07081515341997147,0.056756529957056046,0.05406840890645981,0.05510064214468002,0.016746744513511658,-0.0008056871592998505,0.0008056871592998505,win,win
ai_053_003_cam_00_frame.0018,ai_053_003,affine_point_rel,0.06332790106534958,0.05303560942411423,0.036933086812496185,0.03542492911219597,0.026394814252853394,0.06332790106534958,0.041533779352903366,0.03338546305894852,0.043790172785520554,0.029942438006401062,-0.0035476237535476685,0.0035476237535476685,win,win
ai_053_003_cam_00_frame.0093,ai_053_003,affine_point_rel,0.06117165461182594,0.05665804073214531,0.048730697482824326,0.044061604887247086,0.012440957129001617,0.06117165461182594,0.04337386414408684,0.038627464324235916,0.04510287567973137,0.022544190287590027,-0.01010323315858841,0.01010323315858841,win,win
ai_053_005_cam_00_frame.0067,ai_053_005,affine_point_rel,0.08183038979768753,0.07521819323301315,0.07039713859558105,0.06958170980215073,0.011433251202106476,0.08183038979768753,0.0718117505311966,0.06765442341566086,0.0719631090760231,0.014175966382026672,-0.0027427151799201965,0.0027427151799201965,win,win
ai_055_009_cam_00_frame.0043,ai_055_009,affine_point_rel,0.06055814027786255,0.05463404580950737,0.05159946531057358,0.059506528079509735,0.008958674967288971,0.06055814027786255,0.03674747794866562,0.04093864560127258,0.050864964723587036,0.019619494676589966,-0.010660819709300995,0.010660819709300995,win,win
ai_055_009_cam_01_frame.0017,ai_055_009,affine_point_rel,0.09019382297992706,0.0893796905875206,0.09873601049184799,0.11377893388271332,-0.008542187511920929,0.09019382297992706,0.09082911908626556,0.10260012000799179,0.11384093761444092,-0.012406297028064728,0.003864109516143799,-0.003864109516143799,loss,loss
ai_055_009_cam_01_frame.0099,ai_055_009,affine_point_rel,0.0798366367816925,0.07716155797243118,0.09015542268753052,0.11242189258337021,-0.010318785905838013,0.0798366367816925,0.08046750724315643,0.09573068469762802,0.10774245113134384,-0.015894047915935516,0.005575262010097504,-0.005575262010097504,loss,loss
ai_003_010_cam_00_frame.0000,ai_003_010,local_point_rel,0.030030969064682722,0.027476083778310567,0.025178481097100303,0.024477279308484867,0.0048524879675824195,0.030030969064682722,0.026632058201357722,0.024165652022929862,0.024200445302994922,0.00586531704175286,-0.0010128290741704404,0.0010128290741704404,win,win
ai_003_010_cam_00_frame.0077,ai_003_010,local_point_rel,0.018224593810737134,0.016533638164401055,0.015088568069040775,0.01722228229045868,0.0031360257416963595,0.018224593810737134,0.011893536616116761,0.012888318859040737,0.01616909746080637,0.005336274951696397,-0.002200249210000038,0.002200249210000038,win,win
ai_003_010_cam_01_frame.0051,ai_003_010,local_point_rel,0.02340315063484013,0.022573324711993338,0.024161565210670234,0.029190677031874657,-0.0007584145758301047,0.02340315063484013,0.022692803852260114,0.024507455062121153,0.028817173093557358,-0.0011043044272810235,0.0003458898514509187,-0.0003458898514509187,loss,loss
ai_004_003_cam_00_frame.0026,ai_004_003,local_point_rel,0.0459360716243585,0.04505113108704487,0.04515680360297362,0.045350494949767985,0.0007792680213848796,0.0459360716243585,0.045332205947488546,0.04901679325848818,0.05500146637981137,-0.003080721634129681,0.0038599896555145605,-0.0038599896555145605,win,loss
ai_004_003_cam_01_frame.0000,ai_004_003,local_point_rel,0.003185208741342649,0.0027954044635407627,0.0024981323367683217,0.0024170846008928493,0.0006870764045743272,0.003185208741342649,0.003027273778570816,0.0024999587185448036,0.0021924152970314026,0.0006852500227978453,1.8263817764818668e-06,-1.8263817764818668e-06,win,win
ai_004_003_cam_01_frame.0075,ai_004_003,local_point_rel,0.030508786452149873,0.029316438070964068,0.02935832335711702,0.031657060197750594,0.001150463095032854,0.030508786452149873,0.029320224856124504,0.029107823272505284,0.030037252652140235,0.001400963179644589,-0.000250500084611735,0.000250500084611735,win,win
ai_004_004_cam_00_frame.0050,ai_004_004,local_point_rel,0.012369421031326055,0.011809641576837749,0.011838031793013215,0.012571394629776477,0.0005313892383128401,0.012369421031326055,0.011793663271237164,0.011828238342422992,0.01250091710826382,0.0005411826889030625,-9.79345059022238e-06,9.79345059022238e-06,win,win
ai_004_004_cam_01_frame.0024,ai_004_004,local_point_rel,0.012985958808308674,0.011513070539674826,0.0097478992667877,0.009741888873072134,0.0032380595415209736,0.012985958808308674,0.009256559398232235,0.008591081804802848,0.009813256070224775,0.004394877003505826,-0.0011568174619848524,0.0011568174619848524,win,win
ai_004_004_cam_01_frame.0099,ai_004_004,local_point_rel,0.03824967461534672,0.036854756323413715,0.03630046360194683,0.03924148860904905,0.0019492110133998916,0.03824967461534672,0.0355116513868173,0.033899555189741984,0.035156075946158834,0.0043501194256047385,-0.002400908412204847,0.002400908412204847,win,win
ai_004_010_cam_01_frame.0023,ai_004_010,local_point_rel,0.031617101681019576,0.029152176742042814,0.03281911728637559,0.04262594399707658,-0.001202015605356016,0.031617101681019576,0.030987077791775976,0.0318713305251939,0.03562622144818306,-0.0002542288441743229,-0.0009477867611816931,0.0009477867611816931,loss,loss
ai_005_005_cam_00_frame.0017,ai_005_005,local_point_rel,0.019797761976304982,0.01883732894849446,0.017637181457959943,0.017574071366753843,0.0021605805183450393,0.019797761976304982,0.01836353654248847,0.01822766547815667,0.01814939531808098,0.0015700964981483108,0.0005904840201967285,-0.0005904840201967285,win,win
ai_005_005_cam_00_frame.0092,ai_005_005,local_point_rel,0.032915661577135324,0.03311194971735988,0.034866855413253815,0.037049881515226195,-0.0019511938361184908,0.032915661577135324,0.034351338765450885,0.035086743866226504,0.0362797367519566,-0.0021710822890911793,0.00021988845297268855,-0.00021988845297268855,loss,loss
ai_006_007_cam_00_frame.0066,ai_006_007,local_point_rel,0.024187277381618816,0.02222796084566249,0.019884210752530232,0.020180449355393648,0.0043030666290885845,0.024187277381618816,0.020057676618711814,0.01965448150359508,0.021882666249035135,0.004532795878023736,-0.0002297292489351517,0.0002297292489351517,win,win
ai_007_001_cam_00_frame.0042,ai_007_001,local_point_rel,0.022632829506288876,0.020723653957247734,0.01964123271913691,0.021959646096961064,0.0029915967871519643,0.022632829506288876,0.019071941856633533,0.01700852946801619,0.017667221074754543,0.005624300038272686,-0.0026327032511207216,0.0026327032511207216,win,win
ai_007_001_cam_01_frame.0016,ai_007_001,local_point_rel,0.036709463534255825,0.03475005997137891,0.03415354072219796,0.03502153936359617,0.0025559228120578675,0.036709463534255825,0.03295136594937907,0.03201997807870308,0.03414006344974041,0.0046894854555527415,-0.002133562643494874,0.002133562643494874,win,win
ai_007_001_cam_01_frame.0091,ai_007_001,local_point_rel,0.0364351028110832,0.0318684468511492,0.026631326414644718,0.028675324749201536,0.00980377639643848,0.0364351028110832,0.03084052144549787,0.02598195255268365,0.027870664140209556,0.010453150258399546,-0.0006493738619610667,0.0006493738619610667,win,win
ai_009_007_cam_00_frame.0066,ai_009_007,local_point_rel,0.04374373952547709,0.04205810775359472,0.04088363951692978,0.04029942583292723,0.002860100008547306,0.04374373952547709,0.041306846464673676,0.04059766264011463,0.041340421264370285,0.0031460768853624616,-0.0002859768768151555,0.0002859768768151555,win,win
ai_009_009_cam_00_frame.0040,ai_009_009,local_point_rel,0.03300833748653531,0.027985276747494937,0.03177434373646974,0.04894821438938379,0.0012339937500655679,0.03300833748653531,0.029522590804845095,0.02689257450401783,0.03117856401950121,0.006115762982517481,-0.004881769232451913,0.004881769232451913,win,win
ai_010_007_cam_00_frame.0015,ai_010_007,local_point_rel,0.012224398812072145,0.011311701473055614,0.011357927358605795,0.012912211887952354,0.0008664714534663501,0.012224398812072145,0.011290220621352395,0.011926837226686379,0.013682362520032458,0.0002975615853857659,0.0005689098680805842,-0.0005689098680805842,win,win
ai_010_007_cam_00_frame.0089,ai_010_007,local_point_rel,0.022137074265629053,0.020292187109589577,0.017960856202989817,0.018298045179108158,0.0041762180626392365,0.022137074265629053,0.01930004812311381,0.0178595008328557,0.01912382891168818,0.004277573432773352,-0.00010135537013411522,0.00010135537013411522,win,win
ai_012_005_cam_00_frame.0064,ai_012_005,local_point_rel,0.028981683775782585,0.026985449716448784,0.024352550506591797,0.023246603086590767,0.004629133269190788,0.028981683775782585,0.023006347939372063,0.02675790712237358,0.035900846123695374,0.002223776653409004,0.002405356615781784,-0.002405356615781784,win,win
ai_015_001_cam_00_frame.0039,ai_015_001,local_point_rel,0.02582037557537357,0.02287865123556306,0.01868709708408763,0.018077147503693897,0.007133278491285942,0.02582037557537357,0.019326670638596017,0.019438172768180568,0.021626522842173774,0.006382202807193003,0.0007510756840929389,-0.0007510756840929389,win,win
ai_015_004_cam_00_frame.0013,ai_015_004,local_point_rel,0.00838626648432442,0.007722672623848277,0.007733832130075565,0.008721792438466634,0.0006524343542488554,0.00838626648432442,0.007201478866461132,0.008274660794995725,0.010262141519758319,0.00011160568932869555,0.0005408286649201599,-0.0005408286649201599,win,win
ai_015_004_cam_00_frame.0088,ai_015_004,local_point_rel,0.08645442873239517,0.08641035109758377,0.08994235843420029,0.0945347249507904,-0.0034879297018051147,0.08645442873239517,0.07987689226865768,0.07134450972080231,0.06604378670454025,0.015109919011592865,-0.01859784871339798,0.01859784871339798,loss,win
ai_016_001_cam_01_frame.0062,ai_016_001,local_point_rel,0.017948937602341175,0.016683124005794525,0.01712181729574998,0.018883656710386276,0.000827120306591194,0.017948937602341175,0.01719440333545208,0.018865163438022137,0.020573355878392856,-0.0009162258356809616,0.0017433461422721556,-0.0017433461422721556,win,loss
ai_016_004_cam_00_frame.0037,ai_016_004,local_point_rel,0.03226827550679445,0.030852352268993855,0.03245313372462988,0.040548648685216904,-0.00018485821783542633,0.03226827550679445,0.029074907302856445,0.030174648389220238,0.03600877895951271,0.002093627117574215,-0.0022784853354096413,0.0022784853354096413,loss,win
ai_017_007_cam_00_frame.0011,ai_017_007,local_point_rel,0.02881925302790478,0.026081804826389998,0.023697105702012777,0.024839342571794987,0.005122147325892001,0.02881925302790478,0.025219414907041937,0.0236466345959343,0.026305818464607,0.005172618431970477,-5.0471106078475714e-05,5.0471106078475714e-05,win,win
ai_017_007_cam_00_frame.0086,ai_017_007,local_point_rel,0.03104362264275551,0.027753028087317944,0.023346306988969445,0.022256575990468264,0.007697315653786063,0.03104362264275551,0.029982824809849262,0.024414120707660913,0.022847683867439628,0.006629501935094595,0.0010678137186914682,-0.0010678137186914682,win,win
ai_017_007_cam_01_frame.0061,ai_017_007,local_point_rel,0.025165082696317273,0.023301500763574786,0.022444339384409515,0.024226859550584446,0.0027207433119077577,0.025165082696317273,0.021512110505930403,0.022248722782189197,0.023596022786064583,0.0029163599141280756,-0.0001956166022203179,0.0001956166022203179,win,win
ai_018_005_cam_00_frame.0035,ai_018_005,local_point_rel,0.027912321567003216,0.027555428744692887,0.027938916597382298,0.029305454809218645,-2.659503037908198e-05,0.027912321567003216,0.02740784050963287,0.027620884756158506,0.028609740514574305,0.0002914368108447099,-0.0003180318412237919,0.0003180318412237919,loss,win
ai_018_005_cam_01_frame.0010,ai_018_005,local_point_rel,0.01175063755363226,0.010308265752558197,0.00798736432833331,0.006948959681072405,0.003763273225298949,0.01175063755363226,0.008238123264163733,0.007090262220507222,0.009233151994911688,0.0046603753331250376,-0.0008971021078260887,0.0008971021078260887,win,win
ai_018_005_cam_01_frame.0084,ai_018_005,local_point_rel,0.028774437494575977,0.028770248114597052,0.03050435706973076,0.033780020370613784,-0.0017299195751547813,0.028774437494575977,0.028635465947445482,0.028886742133181542,0.029579042922705412,-0.00011230463860556483,-0.0016176149365492165,0.0016176149365492165,loss,loss
ai_019_008_cam_00_frame.0059,ai_019_008,local_point_rel,0.03451609145849943,0.033489173743873835,0.03447074955329299,0.037357776425778866,4.534190520644188e-05,0.03451609145849943,0.033108732663095,0.036871116841211915,0.04231866355985403,-0.0023550253827124834,0.0024003672879189253,-0.0024003672879189253,win,loss
ai_022_010_cam_00_frame.0034,ai_022_010,local_point_rel,0.04215611459221691,0.04034086887259036,0.03887134732212871,0.03697043773718178,0.003284767270088196,0.04215611459221691,0.04186250932980329,0.03691195440478623,0.03560845926403999,0.00524416018743068,-0.001959392917342484,0.001959392917342484,win,win
ai_023_003_cam_00_frame.0008,ai_023_003,local_point_rel,0.013977945316582918,0.01309275021776557,0.011311848182231188,0.010419209254905581,0.0026660971343517303,0.013977945316582918,0.010368359973654151,0.008140003425069153,0.009162226459011436,0.005837941891513765,-0.0031718447571620345,0.0031718447571620345,win,win
ai_023_003_cam_00_frame.0083,ai_023_003,local_point_rel,0.004607952083460987,0.0036056075477972627,0.0032666303450241685,0.004438217496499419,0.0013413217384368181,0.004607952083460987,0.002583101741038263,0.0029199073323979974,0.0035083037801086903,0.0016880447510629892,-0.0003467230126261711,0.0003467230126261711,win,win
ai_023_003_cam_01_frame.0057,ai_023_003,local_point_rel,0.008880517135063807,0.008205392475550374,0.00780092622153461,0.00817434691513578,0.0010795909135291968,0.008880517135063807,0.006833208336805304,0.007710784828911225,0.00907778685602049,0.0011697323061525813,-9.01413926233845e-05,9.01413926233845e-05,win,win
ai_024_012_cam_00_frame.0032,ai_024_012,local_point_rel,0.023345815198909905,0.022597073305708665,0.021696683860176966,0.02156534677164422,0.0016491313387329391,0.023345815198909905,0.02166510121120761,0.021343996489627495,0.021289977012202144,0.0020018187092824095,-0.0003526873705494704,0.0003526873705494704,win,win
ai_024_013_cam_00_frame.0007,ai_024_013,local_point_rel,0.01910517814879616,0.01708774237583081,0.015099989017471671,0.01636861388882001,0.004005189131324489,0.01910517814879616,0.014493931472922364,0.01442413319212695,0.017079460124174755,0.00468104495666921,-0.0006758558253447209,0.0006758558253447209,win,win
ai_024_013_cam_00_frame.0081,ai_024_013,local_point_rel,0.016467992682009935,0.01410929225385189,0.013124482426792383,0.01705499030649662,0.003343510255217553,0.016467992682009935,0.01311919605359435,0.01403188519179821,0.01583040812984109,0.0024361074902117252,0.0009074027650058276,-0.0009074027650058276,win,win
ai_028_008_cam_00_frame.0056,ai_028_008,local_point_rel,0.04102051069882388,0.03554438042920083,0.03326595495066916,0.032832819949059434,0.007754555748154715,0.04102051069882388,0.035386723543827735,0.03223772420703123,0.0305653617833741,0.008782786491792649,-0.001028230743637934,0.001028230743637934,win,win
ai_030_008_cam_01_frame.0005,ai_030_008,local_point_rel,0.02854638930875808,0.02653613725366692,0.023932398840164144,0.023588142280156415,0.004613990468593936,0.02854638930875808,0.021667398667583864,0.021268486219923943,0.022638166323304176,0.007277903088834137,-0.0026639126202402004,0.0026639126202402004,win,win
ai_031_004_cam_00_frame.0047,ai_031_004,local_point_rel,0.05535075720399618,0.05324281824545728,0.05392427980485889,0.05759913194924593,0.001426477399137288,0.05535075720399618,0.05302108410331938,0.05316815949562523,0.054992834830449686,0.0021825977083709536,-0.0007561203092336655,0.0007561203092336655,win,win
ai_031_010_cam_00_frame.0022,ai_031_010,local_point_rel,0.04160992844845168,0.03891284199198708,0.035810933288303204,0.035006562116905116,0.005798995160148479,0.04160992844845168,0.03823388976161368,0.03553482024290133,0.035877233909559436,0.00607510820555035,-0.0002761130454018712,0.0002761130454018712,win,win
ai_031_010_cam_00_frame.0096,ai_031_010,local_point_rel,0.045659038983285424,0.04451039507985115,0.045740448962897064,0.04816083554178476,-8.140997961163937e-05,0.045659038983285424,0.04605741137638688,0.04762223307043314,0.05162462964653969,-0.001963194087147714,0.0018817841075360747,-0.0018817841075360747,loss,loss
ai_032_007_cam_00_frame.0071,ai_032_007,local_point_rel,0.019957995397577945,0.019628002663682167,0.02225543367431352,0.02580714409582709,-0.0022974382767355743,0.019957995397577945,0.01983370288814369,0.020394297390195885,0.02163025668185008,-0.0004363019926179393,-0.001861136284117635,0.001861136284117635,loss,loss
ai_035_003_cam_00_frame.0045,ai_035_003,local_point_rel,0.02662488321463267,0.022814569373925526,0.01797399576753378,0.014517939339081446,0.008650887447098892,0.02662488321463267,0.018636201818784077,0.013898447621613741,0.015195767395198345,0.01272643559301893,-0.004075548145920038,0.004075548145920038,win,win
ai_035_004_cam_00_frame.0020,ai_035_004,local_point_rel,0.023710310459136963,0.016066805459558964,0.006554655497893691,0.014763022074475884,0.017155654961243272,0.023710310459136963,0.016286056488752365,0.00606430321931839,0.008490723907016218,0.017646007239818573,-0.0004903522785753012,0.0004903522785753012,win,win
ai_038_009_cam_00_frame.0069,ai_038_009,local_point_rel,0.027998842468315906,0.027186743915081024,0.026919268748976967,0.02809488654813983,0.0010795737193389394,0.027998842468315906,0.027307484806938606,0.02664787982675162,0.027646549554033714,0.001350962641564285,-0.0002713889222253456,0.0002713889222253456,win,win
ai_038_009_cam_01_frame.0044,ai_038_009,local_point_rel,0.04903555542437567,0.04754605651315716,0.04659501483870877,0.0487532631183664,0.002440540585666895,0.04903555542437567,0.04790835072182947,0.04716549079037375,0.0474795148604446,0.001870064634001918,0.0005704759516649768,-0.0005704759516649768,win,win
ai_039_003_cam_00_frame.0018,ai_039_003,local_point_rel,0.021269513573497534,0.017873728554695843,0.01344380872324109,0.01440099598839879,0.007825704850256444,0.021269513573497534,0.015801265370100737,0.011793437507003545,0.0126453572884202,0.009476076066493989,-0.0016503712162375447,0.0016503712162375447,win,win
ai_039_003_cam_00_frame.0093,ai_039_003,local_point_rel,0.019562606492804155,0.017424866401900847,0.014314520353865292,0.013840859367822608,0.005248086138938863,0.019562606492804155,0.014617243316024542,0.012954545052101215,0.013119266368448734,0.0066080614407029396,-0.0013599753017640766,0.0013599753017640766,win,win
ai_039_003_cam_01_frame.0068,ai_039_003,local_point_rel,0.011702978828301033,0.010503056976530287,0.011209661658439372,0.014424452558159828,0.0004933171698616613,0.011702978828301033,0.010336932053582536,0.010907989667935504,0.012683093133899901,0.0007949891603655293,-0.00030167199050386805,0.00030167199050386805,win,win
ai_041_003_cam_00_frame.0042,ai_041_003,local_point_rel,0.019259862924137942,0.018137302625781067,0.017394704672579583,0.017930148939530436,0.0018651582515583597,0.019259862924137942,0.01774691152744568,0.017622746186904036,0.018945285244486652,0.0016371167372339068,0.00022804151432445283,-0.00022804151432445283,win,win
ai_044_001_cam_00_frame.0017,ai_044_001,local_point_rel,0.022881162337838643,0.020758765584398663,0.018569143248661872,0.018878774311874184,0.00431201908917677,0.022881162337838643,0.0199157775590016,0.01821054494188678,0.018546244655285152,0.0046706173959518635,-0.0003585983067750931,0.0003585983067750931,win,win
ai_044_001_cam_00_frame.0091,ai_044_001,local_point_rel,0.022927897893601938,0.02085495875438764,0.019275033491707984,0.020710509669567858,0.0036528644018939543,0.022927897893601938,0.018843820196620766,0.01782862098133635,0.01863919072119253,0.005099276912265589,-0.001446412510371635,0.001446412510371635,win,win
ai_044_001_cam_01_frame.0067,ai_044_001,local_point_rel,0.024472534922616824,0.021733997788812433,0.01886141069588207,0.02018214092545566,0.0056111242267347546,0.024472534922616824,0.019439877498717534,0.016863990996387742,0.017422439042656196,0.007608543926229082,-0.0019974196994943273,0.0019974196994943273,win,win
ai_044_003_cam_01_frame.0042,ai_044_003,local_point_rel,0.01918976178525814,0.017778553534299135,0.016854189219884574,0.017463449737988412,0.002335572565373565,0.01918976178525814,0.017065610287577977,0.017128499690443277,0.01837948283978871,0.002061262094814862,0.00027431047055870295,-0.00027431047055870295,win,win
ai_044_003_cam_02_frame.0016,ai_044_003,local_point_rel,0.01571092098020017,0.013611587625928224,0.013978484412655234,0.017656184430234135,0.0017324365675449368,0.01571092098020017,0.012873767572455109,0.012994571274612099,0.015021108579821885,0.002716349705588072,-0.0009839131380431354,0.0009839131380431354,win,win
ai_044_003_cam_02_frame.0091,ai_044_003,local_point_rel,0.029780566692352295,0.028262680015442045,0.027708566451275892,0.029543580148707737,0.002072000241076403,0.029780566692352295,0.02778554771264846,0.028319193388928066,0.03207553482868455,0.0014613733034242286,0.0006106269376521742,-0.0006106269376521742,win,win
ai_044_003_cam_03_frame.0065,ai_044_003,local_point_rel,0.04934138245880604,0.04929782572964376,0.04997693281620741,0.05073285382241011,-0.000635550357401371,0.04934138245880604,0.0494248503819108,0.05021405812691559,0.05160489991645922,-0.0008726756681095502,0.00023712531070817916,-0.00023712531070817916,loss,loss
ai_045_008_cam_00_frame.0040,ai_045_008,local_point_rel,0.014606661279685795,0.013282124744728207,0.012016985076479613,0.011666005034931004,0.002589676203206182,0.014606661279685795,0.011628512816969305,0.011094411869999021,0.011867757246363908,0.0035122494096867744,-0.0009225732064805925,0.0009225732064805925,win,win
ai_045_008_cam_01_frame.0015,ai_045_008,local_point_rel,0.02072385939148565,0.01854329587270816,0.016188320082922775,0.01650967130747934,0.004535539308562875,0.02072385939148565,0.016797977111612756,0.015343889400052527,0.016106293459112447,0.005379969991433123,-0.0008444306828702484,0.0008444306828702484,win,win
ai_045_008_cam_01_frame.0089,ai_045_008,local_point_rel,0.023596845833318576,0.022438332172376767,0.02262329469834055,0.024142421249832426,0.0009735511349780249,0.023596845833318576,0.020861955359578133,0.02029239126880254,0.02078935337652053,0.0033044545645160364,-0.0023309034295380116,0.0023309034295380116,win,win
ai_046_005_cam_00_frame.0064,ai_046_005,local_point_rel,0.025435238843783736,0.02322695329785347,0.02131889071315527,0.02098645402584225,0.004116348130628465,0.025435238843783736,0.02216740157455206,0.021420211624354125,0.022441766038537026,0.004015027219429611,0.00010132091119885445,-0.00010132091119885445,win,win
ai_047_009_cam_00_frame.0038,ai_047_009,local_point_rel,0.05392833650112152,0.051515786349773406,0.05051004961133003,0.05073574185371399,0.00341828688979149,0.05392833650112152,0.05175783298909664,0.047837740182876586,0.04682525172829628,0.006090596318244934,-0.002672309428453444,0.002672309428453444,win,win
ai_048_001_cam_00_frame.0013,ai_048_001,local_point_rel,0.1557064161170274,0.1548515714239329,0.15364396665245295,0.1533231008797884,0.002062449464574456,0.1557064161170274,0.15395169309340417,0.154189680586569,0.15621899208053946,0.0015167355304583907,0.0005457139341160655,-0.0005457139341160655,win,win
ai_048_001_cam_00_frame.0088,ai_048_001,local_point_rel,0.023726772982627153,0.02224898152053356,0.020020132651552558,0.018727835966274142,0.0037066403310745955,0.023726772982627153,0.019064698601141572,0.018841793993487954,0.019282698864117265,0.004884978989139199,-0.0011783386580646038,0.0011783386580646038,win,win
ai_048_001_cam_01_frame.0064,ai_048_001,local_point_rel,0.043514584889635444,0.04257035593036562,0.042563299532048404,0.044421184342354536,0.0009512853575870395,0.043514584889635444,0.042530686128884554,0.04388296994147822,0.04570890497416258,-0.0003683850518427789,0.0013196704094298184,-0.0013196704094298184,win,loss
ai_048_001_cam_02_frame.0050,ai_048_001,local_point_rel,0.021594678178768267,0.020698140205984764,0.02012997759844769,0.020907764725217767,0.0014647005803205757,0.021594678178768267,0.02096751882609996,0.021441001910716295,0.022968383717604658,0.0001536762680519714,0.0013110243122686042,-0.0013110243122686042,win,win
ai_048_001_cam_03_frame.0029,ai_048_001,local_point_rel,0.02089717301229636,0.020545744337141514,0.021454797126352787,0.021479972638189793,-0.0005576241140564271,0.02089717301229636,0.019613673444837332,0.019766394204149645,0.021543797726432484,0.0011307788081467152,-0.0016884029222031423,0.0016884029222031423,loss,win
ai_050_002_cam_00_frame.0004,ai_050_002,local_point_rel,0.03380953641608357,0.02952592559158802,0.027268626540899277,0.030155687406659127,0.006540909875184294,0.03380953641608357,0.028975408151745798,0.028292612824589013,0.029903792031109332,0.005516923591494558,0.001023986283689736,-0.001023986283689736,win,win
ai_050_002_cam_00_frame.0081,ai_050_002,local_point_rel,0.04714002553373575,0.04488159283064306,0.046132680308073756,0.05338421449996531,0.0010073452256619958,0.04714002553373575,0.04489859864115715,0.04319213000126183,0.04454092588275671,0.003947895532473919,-0.002940550306811923,0.002940550306811923,win,win
ai_050_002_cam_01_frame.0056,ai_050_002,local_point_rel,0.028809575053552788,0.024570691399276257,0.018918005439142387,0.019519741646945477,0.0098915696144104,0.028809575053552788,0.016712565906345844,0.016095092830558617,0.01940274021277825,0.012714482222994171,-0.0028229126085837705,0.0028229126085837705,win,win
ai_050_002_cam_02_frame.0033,ai_050_002,local_point_rel,0.03645894203024606,0.03445815593780329,0.033627516066189855,0.03713271871674806,0.0028314259640562014,0.03645894203024606,0.033649495958040156,0.03254680352983996,0.03453269806535294,0.003912138500406094,-0.0010807125363498926,0.0010807125363498926,win,win
ai_050_002_cam_03_frame.0010,ai_050_002,local_point_rel,0.01225753930500812,0.011718215783023171,0.011189344468423061,0.01163987142758237,0.0010681948365850596,0.01225753930500812,0.010682915673694678,0.011059321877029207,0.012795463618304994,0.0011982174279789141,-0.0001300225913938545,0.0001300225913938545,win,win
ai_050_002_cam_03_frame.0099,ai_050_002,local_point_rel,0.030015874315391888,0.02890771348029375,0.029450006105683067,0.03323520804670724,0.0005658682097088204,0.030015874315391888,0.027956390668722717,0.028393758841874926,0.031074250667271288,0.0016221154735169621,-0.0010562472638081417,0.0010562472638081417,win,win
ai_050_002_cam_04_frame.0076,ai_050_002,local_point_rel,0.027689257636666298,0.025518190313596277,0.024630664754658936,0.026768141775391996,0.003058592882007362,0.027689257636666298,0.02511026052525267,0.024344517220743,0.02576567542273551,0.003344740415923298,-0.00028614753391593625,0.00028614753391593625,win,win
ai_051_004_cam_00_frame.0051,ai_051_004,local_point_rel,0.01976354109744231,0.01895119110122323,0.019322484007312193,0.020144961670868926,0.0004410570901301168,0.01976354109744231,0.018856918904930353,0.018986271590822272,0.01959060396378239,0.0007772695066200382,-0.00033621241648992134,0.00033621241648992134,win,win
ai_051_004_cam_01_frame.0026,ai_051_004,local_point_rel,0.05698604555800557,0.05522675377627214,0.0517747956328094,0.050070700546105705,0.005211249925196171,0.05698604555800557,0.05555698539440831,0.054337982864429556,0.05395253126819929,0.0026480626935760157,0.002563187231620155,-0.002563187231620155,win,win
ai_051_004_cam_02_frame.0000,ai_051_004,local_point_rel,0.023428374746193487,0.021072599415977795,0.01829273854382336,0.018311894095192353,0.005135636202370127,0.023428374746193487,0.01968199573457241,0.018188435522218546,0.01895819865167141,0.005239939223974942,-0.0001043030216048152,0.0001043030216048152,win,win
ai_051_004_cam_02_frame.0075,ai_051_004,local_point_rel,0.016703044657002796,0.016545031177387995,0.01711131264032288,0.01845822436735034,-0.00040826798332008543,0.016703044657002796,0.01659318610009822,0.01692774445241825,0.01774011734365062,-0.00022469979541545407,-0.00018356818790463136,0.00018356818790463136,loss,loss
ai_051_004_cam_03_frame.0066,ai_051_004,local_point_rel,0.02087589898146689,0.0186872182181105,0.01617689272388816,0.015518838632851839,0.004699006257578731,0.02087589898146689,0.01803993172943592,0.017808262817561628,0.019661279395222664,0.003067636163905263,0.0016313700936734683,-0.0016313700936734683,win,win
ai_051_004_cam_04_frame.0051,ai_051_004,local_point_rel,0.03089097439078614,0.028702807292575017,0.02854497850057669,0.029893638042267412,0.0023459958902094513,0.03089097439078614,0.028485799732152373,0.027020309440558776,0.026972177904099226,0.003870664950227365,-0.0015246690600179136,0.0015246690600179136,win,win
ai_051_004_cam_05_frame.0026,ai_051_004,local_point_rel,0.015365555758277576,0.01416548267006874,0.01269612560669581,0.012093998755638798,0.002669430151581765,0.015365555758277576,0.012965111543113987,0.011646039395903548,0.012341277580708266,0.0037195163623740275,-0.0010500862107922625,0.0010500862107922625,win,win
ai_052_001_cam_00_frame.0000,ai_052_001,local_point_rel,0.046596936183050275,0.04385998966172337,0.0427934339735657,0.043559587514027956,0.003803502209484576,0.046596936183050275,0.04294625408947468,0.042427372420206666,0.044073034357279536,0.004169563762843609,-0.00036606155335903307,0.00036606155335903307,win,win
ai_052_001_cam_00_frame.0075,ai_052_001,local_point_rel,0.0508740603139526,0.04712548575020934,0.04583887108846715,0.047316618851925195,0.005035189225485452,0.0508740603139526,0.045968920923769474,0.04463560541013354,0.04689860579214598,0.006238454903819059,-0.0012032656783336065,0.0012032656783336065,win,win
ai_052_001_cam_01_frame.0049,ai_052_001,local_point_rel,0.04839204215548105,0.046974623291235834,0.048004095300307706,0.05292270097157194,0.000387946855173342,0.04839204215548105,0.04656508226051099,0.04789599051906003,0.05053088825661689,0.0004960516364210174,-0.00010810478124767542,0.00010810478124767542,win,win
ai_052_003_cam_00_frame.0024,ai_052_003,local_point_rel,0.028286782869448263,0.025413601504017908,0.022079746374705184,0.021434583060909063,0.006207036494743079,0.028286782869448263,0.023855702282162383,0.022290231737618644,0.023858685221057385,0.005996551131829619,0.00021048536291345954,-0.00021048536291345954,win,win
ai_052_003_cam_01_frame.0004,ai_052_003,local_point_rel,0.031064062262885273,0.029422001432976685,0.028189623000798747,0.028586628526682034,0.0028744392620865256,0.031064062262885273,0.029394630881142803,0.028863135630672332,0.02922516842954792,0.0022009266322129406,0.000673512629873585,-0.000673512629873585,win,win
ai_052_003_cam_01_frame.0092,ai_052_003,local_point_rel,0.03145442146342248,0.02878509962465614,0.025969404940648626,0.025985165596163522,0.005485016522773851,0.03145442146342248,0.027156703736788284,0.024962233922754724,0.02422873939697941,0.006492187540667754,-0.0010071710178939028,0.0010071710178939028,win,win
ai_052_007_cam_00_frame.0069,ai_052_007,local_point_rel,0.015854891234387953,0.014187731159230074,0.015099536976777017,0.01817824241394798,0.0007553542576109358,0.015854891234387953,0.01360583871913453,0.012516883357117573,0.012427875073626637,0.00333800787727038,-0.0025826536196594443,0.0025826536196594443,win,win
ai_052_007_cam_01_frame.0043,ai_052_007,local_point_rel,0.02485774550586939,0.02315002327086404,0.02258185640675947,0.02399556473828852,0.002275889099109918,0.02485774550586939,0.022708985256031156,0.020944339514244348,0.021974321501329542,0.003913405991625041,-0.0016375168925151229,0.0016375168925151229,win,win
ai_053_003_cam_00_frame.0018,ai_053_003,local_point_rel,0.028265469495884397,0.024698502870953896,0.021311226427893747,0.020242648559029807,0.00695424306799065,0.028265469495884397,0.02310991983606734,0.01911392244933681,0.01781974377279932,0.009151547046547588,-0.002197303978556938,0.002197303978556938,win,win
ai_053_003_cam_00_frame.0093,ai_053_003,local_point_rel,0.029201827278094634,0.02708541994382228,0.024130706608827625,0.023518570299659456,0.005071120669267008,0.029201827278094634,0.02524905272626451,0.02316381925317858,0.02438468569224434,0.006038008024916053,-0.0009668873556490445,0.0009668873556490445,win,win
ai_053_005_cam_00_frame.0067,ai_053_005,local_point_rel,0.018048960384667703,0.015623583286804589,0.013584804972388634,0.01383764745275441,0.004464155412279069,0.018048960384667703,0.014087700370797202,0.01257784873565757,0.013718507565116804,0.005471111649010133,-0.0010069562367310634,0.0010069562367310634,win,win
ai_055_009_cam_00_frame.0043,ai_055_009,local_point_rel,0.028973021272880334,0.025543003110215068,0.021100127157599975,0.021273820428177714,0.00787289411528036,0.028973021272880334,0.024245491872231167,0.021666931298871834,0.02286379924044013,0.007306089974008501,0.0005668041412718594,-0.0005668041412718594,win,win
ai_055_009_cam_01_frame.0017,ai_055_009,local_point_rel,0.05268020492512733,0.05087283032480627,0.051994341798126696,0.05488495109602809,0.0006858631270006341,0.05268020492512733,0.050097464886493984,0.04987904895097017,0.05052364468574524,0.0028011559741571573,-0.0021152928471565233,0.0021152928471565233,win,win
ai_055_009_cam_01_frame.0099,ai_055_009,local_point_rel,0.04359276813920587,0.04111953976098448,0.04041681684611831,0.04497861335403286,0.0031759512930875644,0.04359276813920587,0.04009860067162663,0.040505566576030105,0.04269641573773697,0.0030872015631757677,8.874972991179675e-05,-8.874972991179675e-05,win,win
ai_003_010_cam_00_frame.0000,ai_003_010,affine_depth_rel,0.07018224149942398,0.06777238845825195,0.06536754220724106,0.06754490733146667,0.004814699292182922,0.07018224149942398,0.06500568240880966,0.06443727016448975,0.06698690354824066,0.005744971334934235,-0.0009302720427513123,0.0009302720427513123,win,win
ai_003_010_cam_00_frame.0077,ai_003_010,affine_depth_rel,0.040501032024621964,0.036011554300785065,0.028532909229397774,0.02758317068219185,0.01196812279522419,0.040501032024621964,0.025027494877576828,0.02185957320034504,0.028018120676279068,0.018641458824276924,-0.006673336029052734,0.006673336029052734,win,win
ai_003_010_cam_01_frame.0051,ai_003_010,affine_depth_rel,0.05891391634941101,0.052117567509412766,0.06153613701462746,0.08569075167179108,-0.002622220665216446,0.05891391634941101,0.04864078760147095,0.05602842569351196,0.06663277000188828,0.002885490655899048,-0.005507711321115494,0.005507711321115494,loss,win
ai_004_003_cam_00_frame.0026,ai_004_003,affine_depth_rel,0.11975595355033875,0.1153155192732811,0.10744969546794891,0.10198261588811874,0.012306258082389832,0.11975595355033875,0.10181871801614761,0.10767419636249542,0.11556953936815262,0.012081757187843323,0.0002245008945465088,-0.0002245008945465088,win,win
ai_004_003_cam_01_frame.0000,ai_004_003,affine_depth_rel,0.03849237784743309,0.03815962374210358,0.037272147834300995,0.036109402775764465,0.0012202300131320953,0.03849237784743309,0.03648604080080986,0.030838023871183395,0.02650669775903225,0.007654353976249695,-0.0064341239631175995,0.0064341239631175995,win,win
ai_004_003_cam_01_frame.0075,ai_004_003,affine_depth_rel,0.05676895007491112,0.0501277782022953,0.04452863335609436,0.05831640958786011,0.012240316718816757,0.05676895007491112,0.04527962952852249,0.04849829897284508,0.05404532328248024,0.00827065110206604,0.003969665616750717,-0.003969665616750717,win,win
ai_004_004_cam_00_frame.0050,ai_004_004,affine_depth_rel,0.04068506881594658,0.03265698626637459,0.023374229669570923,0.02811259776353836,0.017310839146375656,0.04068506881594658,0.023014646023511887,0.02426026575267315,0.027168944478034973,0.01642480306327343,0.0008860360831022263,-0.0008860360831022263,win,win
ai_004_004_cam_01_frame.0024,ai_004_004,affine_depth_rel,0.03561382368206978,0.027507811784744263,0.014433338306844234,0.01260794885456562,0.021180485375225544,0.03561382368206978,0.009409666061401367,0.009166230447590351,0.012611018493771553,0.026447593234479427,-0.005267107859253883,0.005267107859253883,win,win
ai_004_004_cam_01_frame.0099,ai_004_004,affine_depth_rel,0.1604263037443161,0.15242105722427368,0.1531553715467453,0.16741782426834106,0.007270932197570801,0.1604263037443161,0.14705166220664978,0.14507785439491272,0.1564972847700119,0.015348449349403381,-0.00807751715183258,0.00807751715183258,win,win
ai_004_010_cam_01_frame.0023,ai_004_010,affine_depth_rel,0.11456024646759033,0.10617931187152863,0.0960850715637207,0.10187800228595734,0.01847517490386963,0.11456024646759033,0.09822102636098862,0.09586934745311737,0.09949235618114471,0.01869089901447296,-0.00021572411060333252,0.00021572411060333252,win,win
ai_005_005_cam_00_frame.0017,ai_005_005,affine_depth_rel,0.10703860223293304,0.10506117343902588,0.10124985873699188,0.09787353128194809,0.005788743495941162,0.10703860223293304,0.10283266007900238,0.09878083318471909,0.09786676615476608,0.008257769048213959,-0.0024690255522727966,0.0024690255522727966,win,win
ai_005_005_cam_00_frame.0092,ai_005_005,affine_depth_rel,0.059965573251247406,0.05736013501882553,0.05584889277815819,0.06140630692243576,0.004116680473089218,0.059965573251247406,0.05617774650454521,0.05922849103808403,0.06306631863117218,0.0007370822131633759,0.0033795982599258423,-0.0033795982599258423,win,win
ai_006_007_cam_00_frame.0066,ai_006_007,affine_depth_rel,0.04934258386492729,0.042672112584114075,0.031222699210047722,0.026742469519376755,0.01811988465487957,0.04934258386492729,0.022157125174999237,0.020919842645525932,0.02465769462287426,0.02842274121940136,-0.01030285656452179,0.01030285656452179,win,win
ai_007_001_cam_00_frame.0042,ai_007_001,affine_depth_rel,0.05631840229034424,0.05109812319278717,0.05011942237615585,0.05690866708755493,0.006198979914188385,0.05631840229034424,0.04742991551756859,0.04666542634367943,0.04658656567335129,0.00965297594666481,-0.003453996032476425,0.003453996032476425,win,win
ai_007_001_cam_01_frame.0016,ai_007_001,affine_depth_rel,0.07609543204307556,0.06621270626783371,0.04950965568423271,0.0472022220492363,0.02658577635884285,0.07609543204307556,0.05500489100813866,0.04650299251079559,0.05503726750612259,0.029592439532279968,-0.0030066631734371185,0.0030066631734371185,win,win
ai_007_001_cam_01_frame.0091,ai_007_001,affine_depth_rel,0.06457921117544174,0.05409206077456474,0.045894086360931396,0.061226796358823776,0.018685124814510345,0.06457921117544174,0.05222810059785843,0.0434100441634655,0.05301101133227348,0.021169167011976242,-0.0024840421974658966,0.0024840421974658966,win,win
ai_009_007_cam_00_frame.0066,ai_009_007,affine_depth_rel,0.03524310886859894,0.031573325395584106,0.026706432923674583,0.024653714150190353,0.008536675944924355,0.03524310886859894,0.0167060736566782,0.015966251492500305,0.01754010282456875,0.019276857376098633,-0.010740181431174278,0.010740181431174278,win,win
ai_009_009_cam_00_frame.0040,ai_009_009,affine_depth_rel,0.11138235777616501,0.09808268398046494,0.09016074985265732,0.11081808060407639,0.02122160792350769,0.11138235777616501,0.09529386460781097,0.07862074673175812,0.09083929657936096,0.03276161104440689,-0.0115400031208992,0.0115400031208992,win,win
ai_010_007_cam_00_frame.0015,ai_010_007,affine_depth_rel,0.04499659687280655,0.0372944250702858,0.02347906492650509,0.01912224292755127,0.02151753194630146,0.04499659687280655,0.02071259170770645,0.015146012417972088,0.020389480516314507,0.02985058445483446,-0.008333052508533001,0.008333052508533001,win,win
ai_010_007_cam_00_frame.0089,ai_010_007,affine_depth_rel,0.04553622007369995,0.03730582445859909,0.02324826642870903,0.019785672426223755,0.02228795364499092,0.04553622007369995,0.022487198933959007,0.016605176031589508,0.021312138065695763,0.028931044042110443,-0.006643090397119522,0.006643090397119522,win,win
ai_012_005_cam_00_frame.0064,ai_012_005,affine_depth_rel,0.06364788115024567,0.05718589946627617,0.04646129906177521,0.040506135672330856,0.01718658208847046,0.06364788115024567,0.040429312735795975,0.03639329597353935,0.03596489876508713,0.027254585176706314,-0.010068003088235855,0.010068003088235855,win,win
ai_015_001_cam_00_frame.0039,ai_015_001,affine_depth_rel,0.04017715901136398,0.03369319811463356,0.024622758850455284,0.022715527564287186,0.015554400160908699,0.04017715901136398,0.02501135692000389,0.02474190667271614,0.03239045292139053,0.015435252338647842,0.00011914782226085663,-0.00011914782226085663,win,win
ai_015_004_cam_00_frame.0013,ai_015_004,affine_depth_rel,0.03528597205877304,0.02653435245156288,0.010765792801976204,0.01358339935541153,0.024520179256796837,0.03528597205877304,0.010410737246274948,0.014993177726864815,0.021876290440559387,0.020292794331908226,0.004227384924888611,-0.004227384924888611,win,win
ai_015_004_cam_00_frame.0088,ai_015_004,affine_depth_rel,0.031262051314115524,0.028979090973734856,0.024540439248085022,0.020325563848018646,0.006721612066030502,0.031262051314115524,0.018917426466941833,0.013600504025816917,0.013190170750021935,0.017661547288298607,-0.010939935222268105,0.010939935222268105,win,win
ai_016_001_cam_01_frame.0062,ai_016_001,affine_depth_rel,0.09138258546590805,0.08961699157953262,0.08738452941179276,0.09485916048288345,0.003998056054115295,0.09138258546590805,0.083071768283844,0.08625313639640808,0.09028717875480652,0.0051294490694999695,-0.001131393015384674,0.001131393015384674,win,win
ai_016_004_cam_00_frame.0037,ai_016_004,affine_depth_rel,0.10329344868659973,0.09592843055725098,0.08675729483366013,0.09152278304100037,0.016536153852939606,0.10329344868659973,0.09412042051553726,0.09107109904289246,0.09722424298524857,0.012222349643707275,0.00431380420923233,-0.00431380420923233,win,win
ai_017_007_cam_00_frame.0011,ai_017_007,affine_depth_rel,0.06837129592895508,0.06189127638936043,0.05377364903688431,0.0564817413687706,0.01459764689207077,0.06837129592895508,0.05207258090376854,0.05045795068144798,0.05547552555799484,0.017913345247507095,-0.003315698355436325,0.003315698355436325,win,win
ai_017_007_cam_00_frame.0086,ai_017_007,affine_depth_rel,0.048653893172740936,0.04293058440089226,0.03534533083438873,0.03177135810256004,0.013308562338352203,0.048653893172740936,0.03372756391763687,0.03257612884044647,0.0334940105676651,0.016077764332294464,-0.0027692019939422607,0.0027692019939422607,win,win
ai_017_007_cam_01_frame.0061,ai_017_007,affine_depth_rel,0.055119987577199936,0.046302273869514465,0.034424155950546265,0.03495452553033829,0.02069583162665367,0.055119987577199936,0.03316166624426842,0.032543256878852844,0.04516786336898804,0.02257673069834709,-0.0018808990716934204,0.0018808990716934204,win,win
ai_018_005_cam_00_frame.0035,ai_018_005,affine_depth_rel,0.0557895191013813,0.05356873571872711,0.05128394812345505,0.0539497472345829,0.004505570977926254,0.0557895191013813,0.054156653583049774,0.05405576899647713,0.05806046724319458,0.0017337501049041748,0.0027718208730220795,-0.0027718208730220795,win,win
ai_018_005_cam_01_frame.0010,ai_018_005,affine_depth_rel,0.03789439797401428,0.030981849879026413,0.019239071756601334,0.014842688106000423,0.01865532621741295,0.03789439797401428,0.017911013215780258,0.01762527972459793,0.021420305594801903,0.02026911824941635,-0.0016137920320034027,0.0016137920320034027,win,win
ai_018_005_cam_01_frame.0084,ai_018_005,affine_depth_rel,0.10274910181760788,0.10294283926486969,0.10477221012115479,0.10743647813796997,-0.0020231083035469055,0.10274910181760788,0.10460323840379715,0.10336828976869583,0.10264743864536285,-0.0006191879510879517,-0.0014039203524589539,0.0014039203524589539,loss,loss
ai_019_008_cam_00_frame.0059,ai_019_008,affine_depth_rel,0.09852739423513412,0.09979970008134842,0.1087384819984436,0.12151294946670532,-0.010211087763309479,0.09852739423513412,0.1037602573633194,0.11231466382741928,0.12074661254882812,-0.013787269592285156,0.0035761818289756775,-0.0035761818289756775,loss,loss
ai_022_010_cam_00_frame.0034,ai_022_010,affine_depth_rel,0.06777460873126984,0.058794666081666946,0.046151772141456604,0.0480707623064518,0.021622836589813232,0.06777460873126984,0.048484619706869125,0.043440528213977814,0.04709366336464882,0.024334080517292023,-0.0027112439274787903,0.0027112439274787903,win,win
ai_023_003_cam_00_frame.0008,ai_023_003,affine_depth_rel,0.048365477472543716,0.04519939795136452,0.03871811553835869,0.03397269919514656,0.009647361934185028,0.048365477472543716,0.030420351773500443,0.026595698669552803,0.024949032813310623,0.021769778802990913,-0.012122416868805885,0.012122416868805885,win,win
ai_023_003_cam_00_frame.0083,ai_023_003,affine_depth_rel,0.0438058078289032,0.03896740451455116,0.030209772288799286,0.025006020441651344,0.013596035540103912,0.0438058078289032,0.018975872546434402,0.018931511789560318,0.020305538550019264,0.02487429603934288,-0.011278260499238968,0.011278260499238968,win,win
ai_023_003_cam_01_frame.0057,ai_023_003,affine_depth_rel,0.036352790892124176,0.03087329864501953,0.02088121697306633,0.01616687700152397,0.015471573919057846,0.036352790892124176,0.015996744856238365,0.011435802094638348,0.014860225841403008,0.02491698879748583,-0.009445414878427982,0.009445414878427982,win,win
ai_024_012_cam_00_frame.0032,ai_024_012,affine_depth_rel,0.05575971305370331,0.053882356733083725,0.05358489975333214,0.05672898143529892,0.00217481330037117,0.05575971305370331,0.052836038172245026,0.050136782228946686,0.05002216249704361,0.005622930824756622,-0.0034481175243854523,0.0034481175243854523,win,win
ai_024_013_cam_00_frame.0007,ai_024_013,affine_depth_rel,0.036220379173755646,0.03016037307679653,0.021230360493063927,0.024689828976988792,0.014990018680691719,0.036220379173755646,0.021604478359222412,0.022335633635520935,0.03409920632839203,0.01388474553823471,0.0011052731424570084,-0.0011052731424570084,win,win
ai_024_013_cam_00_frame.0081,ai_024_013,affine_depth_rel,0.03399212658405304,0.02578170970082283,0.01872774213552475,0.033153049647808075,0.01526438444852829,0.03399212658405304,0.019138101488351822,0.02894832193851471,0.036553412675857544,0.00504380464553833,0.01022057980298996,-0.01022057980298996,win,win
ai_028_008_cam_00_frame.0056,ai_028_008,affine_depth_rel,0.1033259779214859,0.09932494908571243,0.09349831193685532,0.09542259573936462,0.009827665984630585,0.1033259779214859,0.09153573215007782,0.09031335264444351,0.09460733085870743,0.013012625277042389,-0.003184959292411804,0.003184959292411804,win,win
ai_030_008_cam_01_frame.0005,ai_030_008,affine_depth_rel,0.04485522583127022,0.040380194783210754,0.032993074506521225,0.02928256057202816,0.011862151324748993,0.04485522583127022,0.026250163093209267,0.027867237105965614,0.03032403253018856,0.016987988725304604,-0.005125837400555611,0.005125837400555611,win,win
ai_031_004_cam_00_frame.0047,ai_031_004,affine_depth_rel,0.06372905522584915,0.05353629216551781,0.043656762689352036,0.0499260313808918,0.020072292536497116,0.06372905522584915,0.052095405757427216,0.050494179129600525,0.05286595970392227,0.013234876096248627,0.006837416440248489,-0.006837416440248489,win,win
ai_031_010_cam_00_frame.0022,ai_031_010,affine_depth_rel,0.06645967066287994,0.06319056451320648,0.06113304942846298,0.06623239815235138,0.005326621234416962,0.06645967066287994,0.06080179288983345,0.06276390701532364,0.06848675012588501,0.003695763647556305,0.0016308575868606567,-0.0016308575868606567,win,win
ai_031_010_cam_00_frame.0096,ai_031_010,affine_depth_rel,0.07555709779262543,0.07153839617967606,0.06928641349077225,0.07610514760017395,0.00627068430185318,0.07555709779262543,0.07483028620481491,0.07478246092796326,0.0775608941912651,0.0007746368646621704,0.0054960474371910095,-0.0054960474371910095,win,win
ai_032_007_cam_00_frame.0071,ai_032_007,affine_depth_rel,0.060103051364421844,0.05197785422205925,0.07663513720035553,0.11561551690101624,-0.016532085835933685,0.060103051364421844,0.05808059498667717,0.0574941411614418,0.06909526884555817,0.0026089102029800415,-0.019140996038913727,0.019140996038913727,loss,win
ai_035_003_cam_00_frame.0045,ai_035_003,affine_depth_rel,0.06768685579299927,0.06673496216535568,0.06584380567073822,0.06557164341211319,0.0018430501222610474,0.06768685579299927,0.06380942463874817,0.057918649166822433,0.05728473886847496,0.009768206626176834,-0.007925156503915787,0.007925156503915787,win,win
ai_035_004_cam_00_frame.0020,ai_035_004,affine_depth_rel,0.08930885046720505,0.08666694164276123,0.09370765089988708,0.11386924237012863,-0.004398800432682037,0.08930885046720505,0.08752916753292084,0.09790394455194473,0.11176170408725739,-0.008595094084739685,0.004196293652057648,-0.004196293652057648,loss,loss
ai_035_004_cam_00_frame.0095,ai_035_004,affine_depth_rel,0.4988113343715668,0.4999755322933197,0.5027735233306885,0.5044887065887451,-0.003962188959121704,0.4988113343715668,0.48987647891044617,0.4843295216560364,0.4803047478199005,0.014481812715530396,-0.0184440016746521,0.0184440016746521,loss,win
ai_038_009_cam_00_frame.0069,ai_038_009,affine_depth_rel,0.06406254321336746,0.06193011254072189,0.058610014617443085,0.057191431522369385,0.0054525285959243774,0.06406254321336746,0.05609806627035141,0.05485805869102478,0.05521590635180473,0.009204484522342682,-0.0037519559264183044,0.0037519559264183044,win,win
ai_038_009_cam_01_frame.0044,ai_038_009,affine_depth_rel,0.19821667671203613,0.19576314091682434,0.19167236983776093,0.1897135078907013,0.0065443068742752075,0.19821667671203613,0.17755162715911865,0.16177351772785187,0.15579897165298462,0.036443158984184265,-0.029898852109909058,0.029898852109909058,win,win
ai_039_003_cam_00_frame.0018,ai_039_003,affine_depth_rel,0.056334443390369415,0.05052715167403221,0.041517794132232666,0.041010841727256775,0.01481664925813675,0.056334443390369415,0.04632416367530823,0.0374717116355896,0.035541653633117676,0.018862731754779816,-0.004046082496643066,0.004046082496643066,win,win
ai_039_003_cam_00_frame.0093,ai_039_003,affine_depth_rel,0.11724963784217834,0.11599593609571457,0.1139935553073883,0.11260130256414413,0.003256082534790039,0.11724963784217834,0.10847567021846771,0.10229335725307465,0.09954813122749329,0.014956280589103699,-0.01170019805431366,0.01170019805431366,win,win
ai_039_003_cam_01_frame.0068,ai_039_003,affine_depth_rel,0.05398076772689819,0.04976075887680054,0.04877962917089462,0.05954897403717041,0.0052011385560035706,0.05398076772689819,0.04419250413775444,0.047612737864255905,0.053448595106601715,0.006368029862642288,-0.0011668913066387177,0.0011668913066387177,win,win
ai_041_003_cam_00_frame.0042,ai_041_003,affine_depth_rel,0.045665450394153595,0.037929534912109375,0.02883405238389969,0.03251992166042328,0.016831398010253906,0.045665450394153595,0.030959751456975937,0.03555050864815712,0.04055770859122276,0.010114941745996475,0.006716456264257431,-0.006716456264257431,win,win
ai_044_001_cam_00_frame.0017,ai_044_001,affine_depth_rel,0.07748005539178848,0.0699056088924408,0.058455608785152435,0.05360129475593567,0.019024446606636047,0.07748005539178848,0.058958373963832855,0.05133723467588425,0.052861910313367844,0.026142820715904236,-0.0071183741092681885,0.0071183741092681885,win,win
ai_044_001_cam_00_frame.0091,ai_044_001,affine_depth_rel,0.09062127023935318,0.08088961988687515,0.06470249593257904,0.059541601687669754,0.02591877430677414,0.09062127023935318,0.06271766126155853,0.054308805614709854,0.053915202617645264,0.036312464624643326,-0.010393690317869186,0.010393690317869186,win,win
ai_044_001_cam_01_frame.0067,ai_044_001,affine_depth_rel,0.05532880872488022,0.04319775477051735,0.027865394949913025,0.03722963482141495,0.027463413774967194,0.05532880872488022,0.0369001105427742,0.028844568878412247,0.03462454676628113,0.026484239846467972,0.0009791739284992218,-0.0009791739284992218,win,win
ai_044_003_cam_01_frame.0042,ai_044_003,affine_depth_rel,0.04698599874973297,0.03771300986409187,0.023979073390364647,0.028481267392635345,0.023006925359368324,0.04698599874973297,0.02787044458091259,0.026651468127965927,0.029959941282868385,0.020334530621767044,0.00267239473760128,-0.00267239473760128,win,win
ai_044_003_cam_02_frame.0016,ai_044_003,affine_depth_rel,0.043022725731134415,0.03163493797183037,0.01897500641644001,0.03408422693610191,0.024047719314694405,0.043022725731134415,0.017075879499316216,0.019254470244050026,0.023939969018101692,0.02376825548708439,0.00027946382761001587,-0.00027946382761001587,win,win
ai_044_003_cam_02_frame.0091,ai_044_003,affine_depth_rel,0.04778623580932617,0.03861771151423454,0.02514638751745224,0.03374679759144783,0.022639848291873932,0.04778623580932617,0.027023879811167717,0.025736123323440552,0.030864262953400612,0.02205011248588562,0.0005897358059883118,-0.0005897358059883118,win,win
ai_044_003_cam_03_frame.0065,ai_044_003,affine_depth_rel,0.06190677359700203,0.05713185667991638,0.05110720545053482,0.05240026116371155,0.010799568146467209,0.06190677359700203,0.05153457447886467,0.0537748746573925,0.060229018330574036,0.008131898939609528,0.0026676692068576813,-0.0026676692068576813,win,win
ai_045_008_cam_00_frame.0040,ai_045_008,affine_depth_rel,0.039585523307323456,0.037021853029727936,0.03206699714064598,0.02773253619670868,0.007518526166677475,0.039585523307323456,0.025913655757904053,0.01526855118572712,0.016716282814741135,0.024316972121596336,-0.01679844595491886,0.01679844595491886,win,win
ai_045_008_cam_01_frame.0015,ai_045_008,affine_depth_rel,0.05814249813556671,0.051646165549755096,0.041845642030239105,0.03680353984236717,0.016296856105327606,0.05814249813556671,0.041848957538604736,0.033850543200969696,0.038089338690042496,0.024291954934597015,-0.00799509882926941,0.00799509882926941,win,win
ai_045_008_cam_01_frame.0089,ai_045_008,affine_depth_rel,0.17369835078716278,0.16464993357658386,0.15879279375076294,0.1649271696805954,0.014905557036399841,0.17369835078716278,0.16192130744457245,0.15698912739753723,0.15499328076839447,0.01670922338962555,-0.001803666353225708,0.001803666353225708,win,win
ai_046_005_cam_00_frame.0064,ai_046_005,affine_depth_rel,0.06674672663211823,0.0613073855638504,0.05219049006700516,0.05048783868551254,0.014556236565113068,0.06674672663211823,0.05235161632299423,0.04884009808301926,0.05259774252772331,0.01790662854909897,-0.003350391983985901,0.003350391983985901,win,win
ai_047_009_cam_00_frame.0038,ai_047_009,affine_depth_rel,0.21146872639656067,0.2165544480085373,0.2350045144557953,0.2769242823123932,-0.02353578805923462,0.21146872639656067,0.2088257074356079,0.21491973102092743,0.2209290713071823,-0.0034510046243667603,-0.02008478343486786,0.02008478343486786,loss,loss
ai_048_001_cam_00_frame.0013,ai_048_001,affine_depth_rel,0.06711389869451523,0.06574514508247375,0.0636352002620697,0.06247199326753616,0.003478698432445526,0.06711389869451523,0.064669668674469,0.0654541552066803,0.06796039640903473,0.0016597434878349304,0.0018189549446105957,-0.0018189549446105957,win,win
ai_048_001_cam_00_frame.0088,ai_048_001,affine_depth_rel,0.09469346702098846,0.09250815957784653,0.08979769796133041,0.08888723701238632,0.0048957690596580505,0.09469346702098846,0.08927290141582489,0.08969932794570923,0.09118562191724777,0.004994139075279236,-9.83700156211853e-05,9.83700156211853e-05,win,win
ai_048_001_cam_01_frame.0064,ai_048_001,affine_depth_rel,0.06406228989362717,0.05933934450149536,0.057224810123443604,0.06258460879325867,0.006837479770183563,0.06406228989362717,0.055761776864528656,0.05496031045913696,0.06322090327739716,0.009101979434490204,-0.0022644996643066406,0.0022644996643066406,win,win
ai_048_001_cam_02_frame.0050,ai_048_001,affine_depth_rel,0.0382872074842453,0.03840476647019386,0.04031156376004219,0.0440959632396698,-0.0020243562757968903,0.0382872074842453,0.0403590053319931,0.04908127337694168,0.056885749101638794,-0.01079406589269638,0.00876970961689949,-0.00876970961689949,loss,loss
ai_048_001_cam_03_frame.0029,ai_048_001,affine_depth_rel,0.0915868729352951,0.09023376554250717,0.08809387683868408,0.08676394075155258,0.003492996096611023,0.0915868729352951,0.08927013725042343,0.0878872498869896,0.08748586475849152,0.0036996230483055115,-0.00020662695169448853,0.00020662695169448853,win,win
ai_050_002_cam_00_frame.0004,ai_050_002,affine_depth_rel,0.0840868353843689,0.08316324651241302,0.08501981943845749,0.09167276322841644,-0.0009329840540885925,0.0840868353843689,0.0870571956038475,0.09218765050172806,0.09820263832807541,-0.008100815117359161,0.007167831063270569,-0.007167831063270569,loss,loss
ai_050_002_cam_00_frame.0081,ai_050_002,affine_depth_rel,0.1244555115699768,0.12204867601394653,0.13198909163475037,0.1590462625026703,-0.00753358006477356,0.1244555115699768,0.1234271377325058,0.12672314047813416,0.13635730743408203,-0.0022676289081573486,-0.005265951156616211,0.005265951156616211,loss,loss
ai_050_002_cam_01_frame.0056,ai_050_002,affine_depth_rel,0.11700072884559631,0.1157623827457428,0.12035630643367767,0.13166937232017517,-0.00335557758808136,0.11700072884559631,0.12243616580963135,0.12775155901908875,0.13294082880020142,-0.010750830173492432,0.007395252585411072,-0.007395252585411072,loss,loss
ai_050_002_cam_02_frame.0033,ai_050_002,affine_depth_rel,0.0656956359744072,0.0611579567193985,0.06085113435983658,0.07257339358329773,0.004844501614570618,0.0656956359744072,0.06409536302089691,0.06744706630706787,0.07666497677564621,-0.001751430332660675,0.006595931947231293,-0.006595931947231293,win,loss
ai_050_002_cam_03_frame.0010,ai_050_002,affine_depth_rel,0.06316053867340088,0.056961797177791595,0.04469282180070877,0.03811831399798393,0.018467716872692108,0.06316053867340088,0.048671625554561615,0.04359928518533707,0.052821166813373566,0.019561253488063812,-0.001093536615371704,0.001093536615371704,win,win
ai_050_002_cam_03_frame.0099,ai_050_002,affine_depth_rel,0.2288581132888794,0.22613006830215454,0.22386227548122406,0.22930637001991272,0.0049958378076553345,0.2288581132888794,0.2289116382598877,0.22685162723064423,0.23218142986297607,0.0020064860582351685,0.002989351749420166,-0.002989351749420166,win,win
ai_050_002_cam_04_frame.0076,ai_050_002,affine_depth_rel,0.07050490379333496,0.06209485977888107,0.05105176568031311,0.050651680678129196,0.01945313811302185,0.07050490379333496,0.05658441036939621,0.05046585202217102,0.05167680233716965,0.02003905177116394,-0.0005859136581420898,0.0005859136581420898,win,win
ai_051_004_cam_00_frame.0051,ai_051_004,affine_depth_rel,0.16573789715766907,0.16555911302566528,0.17319683730602264,0.18678772449493408,-0.007458940148353577,0.16573789715766907,0.1632738709449768,0.1602506786584854,0.15782740712165833,0.005487218499183655,-0.012946158647537231,0.012946158647537231,loss,win
ai_051_004_cam_01_frame.0026,ai_051_004,affine_depth_rel,0.16891634464263916,0.17055200040340424,0.17562370002269745,0.1853310465812683,-0.006707355380058289,0.16891634464263916,0.16631901264190674,0.17039355635643005,0.17587968707084656,-0.0014772117137908936,-0.005230143666267395,0.005230143666267395,loss,loss
ai_051_004_cam_02_frame.0000,ai_051_004,affine_depth_rel,0.044818632304668427,0.04095212742686272,0.03704216331243515,0.038255855441093445,0.007776468992233276,0.044818632304668427,0.041162580251693726,0.04398542642593384,0.047530435025691986,0.0008332058787345886,0.006943263113498688,-0.006943263113498688,win,win
ai_051_004_cam_02_frame.0075,ai_051_004,affine_depth_rel,0.1877809762954712,0.18624922633171082,0.18830019235610962,0.195565864443779,-0.0005192160606384277,0.1877809762954712,0.1800919771194458,0.17714545130729675,0.17537447810173035,0.010635524988174438,-0.011154741048812866,0.011154741048812866,loss,win
ai_051_004_cam_03_frame.0066,ai_051_004,affine_depth_rel,0.03264668583869934,0.029973816126585007,0.027895305305719376,0.032813020050525665,0.004751380532979965,0.03264668583869934,0.03354955464601517,0.038720082491636276,0.04484802484512329,-0.006073396652936935,0.0108247771859169,-0.0108247771859169,win,loss
ai_051_004_cam_04_frame.0051,ai_051_004,affine_depth_rel,0.09418368339538574,0.09081866592168808,0.09260629862546921,0.10047060251235962,0.0015773847699165344,0.09418368339538574,0.09029220789670944,0.09182141721248627,0.0957888588309288,0.002362266182899475,-0.0007848814129829407,0.0007848814129829407,win,win
ai_051_004_cam_05_frame.0026,ai_051_004,affine_depth_rel,0.04319852590560913,0.03581114113330841,0.02522219717502594,0.026435598731040955,0.01797632873058319,0.04319852590560913,0.025105005130171776,0.025793148204684258,0.03306437283754349,0.017405377700924873,0.0005709510296583176,-0.0005709510296583176,win,win
ai_052_001_cam_00_frame.0000,ai_052_001,affine_depth_rel,0.06617482006549835,0.06448797881603241,0.06456175446510315,0.07135013490915298,0.0016130656003952026,0.06617482006549835,0.0632605105638504,0.06769640743732452,0.07364137470722198,-0.0015215873718261719,0.0031346529722213745,-0.0031346529722213745,win,loss
ai_052_001_cam_00_frame.0075,ai_052_001,affine_depth_rel,0.06092255562543869,0.05768326669931412,0.062246065586805344,0.07760139554738998,-0.0013235099613666534,0.06092255562543869,0.05616987869143486,0.05957821011543274,0.0698329284787178,0.001344345510005951,-0.0026678554713726044,0.0026678554713726044,loss,win
ai_052_001_cam_01_frame.0049,ai_052_001,affine_depth_rel,0.17109623551368713,0.16725337505340576,0.16121679544448853,0.15448825061321259,0.009879440069198608,0.17109623551368713,0.17031395435333252,0.16789624094963074,0.16720569133758545,0.0031999945640563965,0.006679445505142212,-0.006679445505142212,win,win
ai_052_003_cam_00_frame.0024,ai_052_003,affine_depth_rel,0.051744990050792694,0.04391627758741379,0.03285747021436691,0.03285948187112808,0.01888751983642578,0.051744990050792694,0.034348517656326294,0.037172116339206696,0.04942552000284195,0.014572873711585999,0.004314646124839783,-0.004314646124839783,win,win
ai_052_003_cam_01_frame.0004,ai_052_003,affine_depth_rel,0.05069975182414055,0.042863667011260986,0.03326646238565445,0.040700048208236694,0.0174332894384861,0.05069975182414055,0.032883044332265854,0.03415604308247566,0.0427369549870491,0.016543708741664886,0.0008895806968212128,-0.0008895806968212128,win,win
ai_052_003_cam_01_frame.0092,ai_052_003,affine_depth_rel,0.05619113892316818,0.04574814438819885,0.030877022072672844,0.032025374472141266,0.02531411685049534,0.05619113892316818,0.03190171346068382,0.03060353361070156,0.041157662868499756,0.02558760531246662,-0.00027348846197128296,0.00027348846197128296,win,win
ai_052_007_cam_00_frame.0069,ai_052_007,affine_depth_rel,0.1497974544763565,0.14656522870063782,0.155251607298851,0.1717468500137329,-0.005454152822494507,0.1497974544763565,0.14307953417301178,0.14511553943157196,0.1561373472213745,0.004681915044784546,-0.010136067867279053,0.010136067867279053,loss,win
ai_052_007_cam_01_frame.0043,ai_052_007,affine_depth_rel,0.06953609734773636,0.06002146005630493,0.05223816633224487,0.06113108992576599,0.017297931015491486,0.06953609734773636,0.05357636883854866,0.05263304337859154,0.05474615469574928,0.01690305396914482,0.00039487704634666443,-0.00039487704634666443,win,win
ai_053_003_cam_00_frame.0018,ai_053_003,affine_depth_rel,0.060286249965429306,0.050078511238098145,0.03423931822180748,0.03291048854589462,0.026046931743621826,0.060286249965429306,0.04055364802479744,0.033377755433321,0.043711017817258835,0.026908494532108307,-0.0008615627884864807,0.0008615627884864807,win,win
ai_053_003_cam_00_frame.0093,ai_053_003,affine_depth_rel,0.06090777367353439,0.05592385679483414,0.04675879701972008,0.041261348873376846,0.014148976653814316,0.06090777367353439,0.04035552963614464,0.030810603871941566,0.03776271268725395,0.030097169801592827,-0.01594819314777851,0.01594819314777851,win,win
ai_053_005_cam_00_frame.0067,ai_053_005,affine_depth_rel,0.08179955184459686,0.07514604181051254,0.06916368752717972,0.06892324239015579,0.012635864317417145,0.08179955184459686,0.07109473645687103,0.06750442087650299,0.07120021432638168,0.014295130968093872,-0.0016592666506767273,0.0016592666506767273,win,win
ai_055_009_cam_00_frame.0043,ai_055_009,affine_depth_rel,0.05898921936750412,0.05229424685239792,0.046537648886442184,0.0552007220685482,0.012451570481061935,0.05898921936750412,0.03645573928952217,0.04069913923740387,0.049927517771720886,0.01829008013010025,-0.005838509649038315,0.005838509649038315,win,win
ai_055_009_cam_01_frame.0017,ai_055_009,affine_depth_rel,0.08971995115280151,0.08893396705389023,0.09785956144332886,0.11330261081457138,-0.008139610290527344,0.08971995115280151,0.08992843329906464,0.10127326101064682,0.11232994496822357,-0.011553309857845306,0.0034136995673179626,-0.0034136995673179626,loss,loss
ai_055_009_cam_01_frame.0099,ai_055_009,affine_depth_rel,0.07985817641019821,0.07715831696987152,0.08994095772504807,0.11120554059743881,-0.010082781314849854,0.07985817641019821,0.0797002911567688,0.0945635437965393,0.10658639669418335,-0.014705367386341095,0.0046225860714912415,-0.0046225860714912415,loss,loss
ai_003_010_cam_00_frame.0000,ai_003_010,local_depth_rel,0.037179390055825934,0.03489417023956776,0.03285967474221252,0.03221548467990942,0.004319715313613415,0.037179390055825934,0.033990417286986485,0.0317425886169076,0.031887280027149245,0.005436801438918337,-0.0011170861253049225,0.0011170861253049225,win,win
ai_003_010_cam_00_frame.0077,ai_003_010,local_depth_rel,0.017783911898732185,0.016049774549901485,0.014369739498943091,0.01693769758567214,0.0034141723997890942,0.017783911898732185,0.011423306167125702,0.01255748774856329,0.01587073355913162,0.005226424150168895,-0.0018122517503798008,0.0018122517503798008,win,win
ai_003_010_cam_01_frame.0051,ai_003_010,local_depth_rel,0.02419911087490618,0.02367871853057295,0.024771971348673105,0.029666903242468835,-0.000572860473766923,0.02419911087490618,0.023484519496560097,0.025350220734253526,0.029519035667181014,-0.0011511098593473441,0.0005782493855804212,-0.0005782493855804212,loss,loss
ai_004_003_cam_00_frame.0026,ai_004_003,local_depth_rel,0.043320920007924237,0.0428273679378132,0.043536859448067844,0.04286098045607408,-0.00021593944014360739,0.043320920007924237,0.04500529643458625,0.04881683892259995,0.0557539079648753,-0.005495918914675713,0.005279979474532105,-0.005279979474532105,loss,loss
ai_004_003_cam_01_frame.0000,ai_004_003,local_depth_rel,0.003132875863229856,0.0027411211631260812,0.0024390041071455926,0.002368983972701244,0.0006938717560842633,0.003132875863229856,0.002973480150103569,0.0024269953719340265,0.0021412925561890006,0.0007058804912958294,-1.200873521156609e-05,1.200873521156609e-05,win,win
ai_004_003_cam_01_frame.0075,ai_004_003,local_depth_rel,0.03132547623183774,0.03028325212041014,0.030932965979445726,0.03422586591669211,0.0003925102523920157,0.03132547623183774,0.029866015480365604,0.029483199180839092,0.03019000086810832,0.0018422770509986496,-0.0014497667986066338,0.0014497667986066338,win,win
ai_004_004_cam_00_frame.0050,ai_004_004,local_depth_rel,0.01217588804429397,0.011746508779469877,0.011839943076483905,0.012499428412411362,0.00033594496781006594,0.01217588804429397,0.011798773251939565,0.011795011314097792,0.01239194996887818,0.0003808767301961783,-4.4931762386112364e-05,4.4931762386112364e-05,win,win
ai_004_004_cam_01_frame.0024,ai_004_004,local_depth_rel,0.012710496252920065,0.011324090598565009,0.009724893167407976,0.009837264324434929,0.0029856030855120886,0.012710496252920065,0.00930848629731271,0.008617627292147113,0.00987578655541357,0.004092868960772952,-0.0011072658752608634,0.0011072658752608634,win,win
ai_004_004_cam_01_frame.0099,ai_004_004,local_depth_rel,0.06567719971968068,0.06560126329875654,0.06556872381932205,0.06757812346849176,0.00010847590035863164,0.06567719971968068,0.061078897987802826,0.056102312739110656,0.05224693732129203,0.009574886980570026,-0.009466411080211394,0.009466411080211394,win,win
ai_004_010_cam_01_frame.0023,ai_004_010,local_depth_rel,0.029861285484262874,0.027689248589532717,0.032447044870683124,0.04230026634676116,-0.00258575938642025,0.029861285484262874,0.03033647287104811,0.03154341530586992,0.03494523997817721,-0.0016821298216070438,-0.0009036295648132062,0.0009036295648132062,loss,loss
ai_005_005_cam_00_frame.0017,ai_005_005,local_depth_rel,0.020411855023768213,0.019479634188529518,0.018245558202680614,0.017971564498212602,0.002166296821087599,0.020411855023768213,0.018738440030978784,0.018609085948103003,0.01848713034350011,0.0018027690756652094,0.0003635277454223894,-0.0003635277454223894,win,win
ai_005_005_cam_00_frame.0092,ai_005_005,local_depth_rel,0.116695591448141,0.11760966606172067,0.1149654120339879,0.11538201976301414,0.001730179414153099,0.116695591448141,0.11682892843548741,0.11720059519367558,0.11775844118424825,-0.0005050037455345824,0.0022351831596876814,-0.0022351831596876814,win,loss
ai_006_007_cam_00_frame.0066,ai_006_007,local_depth_rel,0.023939285789512925,0.02207930629245109,0.019953817387835845,0.020165491590483323,0.0039854684016770794,0.023939285789512925,0.0202999296080735,0.02005269734137174,0.022280395600116916,0.0038865884481411837,9.887995353589571e-05,-9.887995353589571e-05,win,win
ai_007_001_cam_00_frame.0042,ai_007_001,local_depth_rel,0.02208169511604038,0.020312898115000942,0.019708245823329144,0.022281339392066002,0.002373449292711237,0.02208169511604038,0.018897510260682215,0.016849237917499107,0.017407390289008617,0.005232457198541273,-0.002859007905830036,0.002859007905830036,win,win
ai_007_001_cam_01_frame.0016,ai_007_001,local_depth_rel,0.03583012759271595,0.03389916486210293,0.03342542331665754,0.03495601461165481,0.002404704276058406,0.03583012759271595,0.03188008152776294,0.031242826539609168,0.033722195153435074,0.004587301053106781,-0.0021825967770483755,0.0021825967770483755,win,win
ai_007_001_cam_01_frame.0091,ai_007_001,local_depth_rel,0.03522506798617542,0.03078026813454926,0.025552783394232392,0.027838487643748522,0.009672284591943026,0.03522506798617542,0.02961093047633767,0.025029125157743692,0.027495037531480193,0.010195942828431726,-0.0005236582364886999,0.0005236582364886999,win,win
ai_009_007_cam_00_frame.0066,ai_009_007,local_depth_rel,0.04459880664944649,0.043146432377398014,0.04256950877606869,0.041891835940380893,0.0020292978733778,0.04459880664944649,0.04191956762224436,0.04127677592138449,0.04201676261921724,0.0033220307280619962,-0.0012927328546841962,0.0012927328546841962,win,win
ai_009_009_cam_00_frame.0040,ai_009_009,local_depth_rel,0.04700883366167545,0.044652237184345724,0.049975141417235136,0.06573572065681219,-0.0029663077555596856,0.04700883366167545,0.0461542809382081,0.04675694452598691,0.05126410238444805,0.00025188913568854193,-0.0032181968912482276,0.0032181968912482276,loss,win
ai_010_007_cam_00_frame.0015,ai_010_007,local_depth_rel,0.012244918745838933,0.011529176987500655,0.011971904922069775,0.01361514470126066,0.0002730138237691578,0.012244918745838933,0.011566625726926658,0.012305913027375937,0.014154779000414742,-6.099428153700376e-05,0.0003340081053061616,-0.0003340081053061616,win,loss
ai_010_007_cam_00_frame.0089,ai_010_007,local_depth_rel,0.023374963435344398,0.021741169271990657,0.019400075601879507,0.019087322521954775,0.003974887833464891,0.023374963435344398,0.020797272212803364,0.019257992651546374,0.020355572167318314,0.004116970783798024,-0.00014208295033313334,0.00014208295033313334,win,win
ai_012_005_cam_00_frame.0064,ai_012_005,local_depth_rel,0.020041262730956078,0.017064742743968964,0.011825774796307087,0.01013252791017294,0.00821548793464899,0.020041262730956078,0.011514435522258282,0.01882687397301197,0.030506866052746773,0.001214388757944107,0.007001099176704884,-0.007001099176704884,win,win
ai_015_001_cam_00_frame.0039,ai_015_001,local_depth_rel,0.027951848615581792,0.0242020656587556,0.018794426151240867,0.019290045932090532,0.009157422464340925,0.027951848615581792,0.019602078866834443,0.02006322145462036,0.023734137803937,0.00788862716096143,0.0012687953033794948,-0.0012687953033794948,win,win
ai_015_004_cam_00_frame.0013,ai_015_004,local_depth_rel,0.008286135005099433,0.007688503230123648,0.007832008929524039,0.008851709758995898,0.00045412607557539404,0.008286135005099433,0.007262793502637318,0.00831053760235331,0.010271862731315196,-2.440259725387632e-05,0.00047852867282927036,-0.00047852867282927036,win,loss
ai_015_004_cam_00_frame.0088,ai_015_004,local_depth_rel,0.08313750475645065,0.08414669334888458,0.08959619700908661,0.0953228697180748,-0.006458692252635956,0.08313750475645065,0.07303359359502792,0.05903346464037895,0.04961079731583595,0.0241040401160717,-0.030562732368707657,0.030562732368707657,loss,win
ai_016_001_cam_01_frame.0062,ai_016_001,local_depth_rel,0.01651248149573803,0.015060076179603735,0.014878556753198305,0.016627559748788674,0.0016339247425397243,0.01651248149573803,0.014969005870322386,0.016848308965563774,0.018566823254028957,-0.00033582746982574463,0.001969752212365469,-0.001969752212365469,win,loss
ai_016_004_cam_00_frame.0037,ai_016_004,local_depth_rel,0.049605402164161205,0.04792117327451706,0.049764359369874,0.055802296847105026,-0.00015895720571279526,0.049605402164161205,0.04751543793827295,0.049077607691287994,0.052841125056147575,0.0005277944728732109,-0.0006867516785860062,0.0006867516785860062,loss,win
ai_017_007_cam_00_frame.0011,ai_017_007,local_depth_rel,0.02922118964488618,0.027454302151454613,0.026781135180499405,0.029263220058055595,0.002440054464386776,0.02922118964488618,0.026629870175383985,0.025285510055255145,0.028120040195062757,0.003935679589631036,-0.0014956251252442598,0.0014956251252442598,win,win
ai_017_007_cam_00_frame.0086,ai_017_007,local_depth_rel,0.029848811216652393,0.02661427459679544,0.022656637942418456,0.021919910330325365,0.007192173274233937,0.029848811216652393,0.02658363222144544,0.021116867195814848,0.020097755827009678,0.008731944020837545,-0.0015397707466036081,0.0015397707466036081,win,win
ai_017_007_cam_01_frame.0061,ai_017_007,local_depth_rel,0.025960743342610924,0.024367870022119445,0.02364727503366091,0.025337617421014744,0.002313468308950014,0.025960743342610924,0.02243628843941472,0.02316662279719656,0.024560212073000996,0.0027941205454143636,-0.00048065223646434965,0.00048065223646434965,win,win
ai_018_005_cam_00_frame.0035,ai_018_005,local_depth_rel,0.02885083548192467,0.028568892972543836,0.02979183802381158,0.031435634209109206,-0.0009410025418869102,0.02885083548192467,0.0284167118370533,0.028856665777441646,0.030104702130691812,-5.83029551697728e-06,-0.0009351722463699329,0.0009351722463699329,loss,loss
ai_018_005_cam_01_frame.0010,ai_018_005,local_depth_rel,0.011697242136246391,0.010288617141278726,0.008134283075508262,0.007154008290464324,0.003562959060738129,0.011697242136246391,0.008329333903800164,0.007317606176781867,0.009437083466244596,0.004379635959464524,-0.0008166768987263951,0.0008166768987263951,win,win
ai_018_005_cam_01_frame.0084,ai_018_005,local_depth_rel,0.03830814504181035,0.03897335327928886,0.04260101812542416,0.04761936466093175,-0.004292873083613813,0.03830814504181035,0.03887392902106512,0.03972814744338393,0.04082500998629257,-0.0014200024015735835,-0.0028728706820402294,0.0028728706820402294,loss,loss
ai_019_008_cam_00_frame.0059,ai_019_008,local_depth_rel,0.03568062814883888,0.035212870105169713,0.0365507781971246,0.039300229866057634,-0.0008701500482857227,0.03568062814883888,0.035015786183066666,0.03939338168129325,0.044955764431506395,-0.0037127535324543715,0.0028426034841686487,-0.0028426034841686487,loss,loss
ai_022_010_cam_00_frame.0034,ai_022_010,local_depth_rel,0.03263909730594605,0.03036711923778057,0.028297668672166765,0.026363138924352825,0.004341428633779287,0.03263909730594605,0.031044390168972313,0.02654396917205304,0.025033010519109666,0.006095128133893013,-0.0017536995001137257,0.0017536995001137257,win,win
ai_023_003_cam_00_frame.0008,ai_023_003,local_depth_rel,0.0139036038890481,0.01303979754447937,0.011259358376264572,0.010374550241976976,0.0026442455127835274,0.0139036038890481,0.010373990749940276,0.008090080576948822,0.00912290345877409,0.005813523312099278,-0.0031692777993157506,0.0031692777993157506,win,win
ai_023_003_cam_00_frame.0083,ai_023_003,local_depth_rel,0.0035617403918877244,0.002534277504310012,0.0028255737852305174,0.004294820013456047,0.000736166606657207,0.0035617403918877244,0.002328873611986637,0.0025385019835084677,0.003103619092144072,0.0010232384083792567,-0.0002870718017220497,0.0002870718017220497,win,win
ai_023_003_cam_01_frame.0057,ai_023_003,local_depth_rel,0.007731072138994932,0.007233948213979602,0.00706747507986923,0.007737789303064346,0.0006635970591257019,0.007731072138994932,0.006255369633436203,0.0076522940847401815,0.009015527631466588,7.87780542547507e-05,0.0005848190048709512,-0.0005848190048709512,win,win
ai_024_012_cam_00_frame.0032,ai_024_012,local_depth_rel,0.025036854203790426,0.024477590573951602,0.023873935621749196,0.023875082513162244,0.00116291858204123,0.025036854203790426,0.024046633405507438,0.023763203657128744,0.024174499726440344,0.0012736505466616824,-0.00011073196462045229,0.00011073196462045229,win,win
ai_024_013_cam_00_frame.0007,ai_024_013,local_depth_rel,0.01945807334656517,0.01767442359899481,0.015734087753420074,0.017000579896072548,0.0037239855931450946,0.01945807334656517,0.015221815401067337,0.014903058530762792,0.01738988763342301,0.004555014815802377,-0.000831029222657282,0.000831029222657282,win,win
ai_024_013_cam_00_frame.0081,ai_024_013,local_depth_rel,0.01713460572063923,0.01462723733857274,0.013134034350514412,0.016980603337287903,0.004000571370124818,0.01713460572063923,0.01339583219960332,0.014107827097177505,0.015882135927677156,0.003026778623461724,0.0009737927466630936,-0.0009737927466630936,win,win
ai_028_008_cam_00_frame.0056,ai_028_008,local_depth_rel,0.04269253311213106,0.038426384737249464,0.03727148331624145,0.037327364804999284,0.005421049795889608,0.04269253311213106,0.03722505669187134,0.0343683686805889,0.0326862939594624,0.008324164431542158,-0.0029031146356525497,0.0029031146356525497,win,win
ai_030_008_cam_01_frame.0005,ai_030_008,local_depth_rel,0.028246488111714523,0.026405620970763266,0.02401890077938636,0.023928870097734034,0.004227587332328163,0.028246488111714523,0.021721724149150152,0.02178774607212593,0.023162250213014584,0.006458742039588593,-0.00223115470726043,0.00223115470726043,win,win
ai_031_004_cam_00_frame.0047,ai_031_004,local_depth_rel,0.09659972755859296,0.09512471304171616,0.10772361130350167,0.14866601437744167,-0.011123883744908705,0.09659972755859296,0.09830392348683542,0.1427566156619125,0.14412640480117667,-0.04615688810331954,0.035033004358410835,-0.035033004358410835,loss,loss
ai_031_010_cam_00_frame.0022,ai_031_010,local_depth_rel,0.04455244488781318,0.04220573592465371,0.03952555955038406,0.03864402089675423,0.005026885337429121,0.04455244488781318,0.04147303263016511,0.039058364505763166,0.039542389182315674,0.005494080382050015,-0.0004671950446208939,0.0004671950446208939,win,win
ai_031_010_cam_00_frame.0096,ai_031_010,local_depth_rel,0.04956386312842369,0.04765822421759367,0.04715782385319471,0.04794290596619248,0.002406039275228977,0.04956386312842369,0.0524810410104692,0.05444707158021629,0.05930630844086408,-0.004883208451792603,0.0072892477270215805,-0.0072892477270215805,win,loss
ai_032_007_cam_00_frame.0071,ai_032_007,local_depth_rel,0.027957039076442782,0.028113651677573983,0.0297505644787299,0.0322234711217645,-0.0017935254022871175,0.027957039076442782,0.027790052025873018,0.02817437866408574,0.02882817277292672,-0.00021733958764295902,-0.0015761858146441585,0.0015761858146441585,loss,loss
ai_035_003_cam_00_frame.0045,ai_035_003,local_depth_rel,0.025681689381599426,0.02210278498629729,0.01742082741111517,0.01420449853564302,0.008260861970484257,0.025681689381599426,0.017576522814730804,0.012834194659565886,0.01517537763963143,0.01284749472203354,-0.004586632751549283,0.004586632751549283,win,win
ai_035_004_cam_00_frame.0020,ai_035_004,local_depth_rel,0.02421153150498867,0.016298451693728566,0.006247409852221608,0.014767988352105021,0.017964121652767062,0.02421153150498867,0.01633409201167524,0.005674493964761496,0.007996805827133358,0.018537037540227175,-0.0005729158874601126,0.0005729158874601126,win,win
ai_038_009_cam_00_frame.0069,ai_038_009,local_depth_rel,0.02825636501339349,0.027636819942431015,0.027795450084588745,0.029089591719887474,0.0004609149288047447,0.02825636501339349,0.02795974825593558,0.026396867692131887,0.027348748831586403,0.0018594973212616023,-0.0013985823924568576,0.0013985823924568576,win,win
ai_038_009_cam_01_frame.0044,ai_038_009,local_depth_rel,0.06675929953861567,0.06594994431361556,0.06612162260959546,0.06871450035315421,0.0006376769290202117,0.06675929953861567,0.06771038824485408,0.06980585736326045,0.05911576970376902,-0.0030465578246447744,0.003684234753664986,-0.003684234753664986,win,loss
ai_039_003_cam_00_frame.0018,ai_039_003,local_depth_rel,0.020625638496130704,0.01737949810922146,0.013211359968408942,0.01442560637369752,0.007414278527721762,0.020625638496130704,0.015628648083657028,0.011833235947415232,0.01265311548486352,0.008792402548715472,-0.00137812402099371,0.00137812402099371,win,win
ai_039_003_cam_00_frame.0093,ai_039_003,local_depth_rel,0.01882744999602437,0.016791309799171157,0.01459166730961038,0.013759140985914402,0.00423578268641399,0.01882744999602437,0.014484024399684535,0.01335792595313655,0.01356296670726604,0.00546952404288782,-0.0012337413564738296,0.0012337413564738296,win,win
ai_039_003_cam_01_frame.0068,ai_039_003,local_depth_rel,0.011030422834058603,0.009771995142930083,0.010302343095342318,0.013356159389432933,0.0007280797387162856,0.011030422834058603,0.009316972146431604,0.00929154766102632,0.0103972384499179,0.0017388751730322838,-0.0010107954343159982,0.0010107954343159982,win,win
ai_041_003_cam_00_frame.0042,ai_041_003,local_depth_rel,0.01962387368369561,0.018712447938294366,0.01815693902496535,0.018753004708112433,0.001466934658730261,0.01962387368369561,0.018371139456016514,0.01838588802358852,0.01962908240966499,0.001237985660107091,0.00022894899862316992,-0.00022894899862316992,win,win
ai_044_001_cam_00_frame.0017,ai_044_001,local_depth_rel,0.025723680523374388,0.02375992901262737,0.021885598649180705,0.022363473871542562,0.003838081874193683,0.025723680523374388,0.023220824032661416,0.021692919905387586,0.022016706005219492,0.004030760617986802,-0.00019267874379311906,0.00019267874379311906,win,win
ai_044_001_cam_00_frame.0091,ai_044_001,local_depth_rel,0.0252416662960535,0.023339634317727315,0.022054030681915936,0.023513327153133496,0.003187635614137565,0.0252416662960535,0.02177607402249816,0.02070530893148056,0.02121325437023881,0.004536357364572939,-0.0013487217504353742,0.0013487217504353742,win,win
ai_044_001_cam_01_frame.0067,ai_044_001,local_depth_rel,0.025262755230956134,0.022771338910041822,0.02001233556352201,0.0211821443268231,0.0052504196674341246,0.025262755230956134,0.020697354250365778,0.017948859371244907,0.018233972867684706,0.007313895859711227,-0.002063476192277102,0.002063476192277102,win,win
ai_044_003_cam_01_frame.0042,ai_044_003,local_depth_rel,0.01961038590941046,0.018277548153751662,0.017470760636829903,0.018068704288452864,0.002139625272580558,0.01961038590941046,0.017720244908040122,0.017606800721426095,0.018748838221654296,0.0020035851879843664,0.00013604008459619163,-0.00013604008459619163,win,win
ai_044_003_cam_02_frame.0016,ai_044_003,local_depth_rel,0.016671523079276086,0.014728577085770666,0.015119865396991372,0.018266499531455337,0.0015516576822847145,0.016671523079276086,0.014100169448647648,0.014310074737295508,0.01601805442478508,0.002361448341980578,-0.0008097906596958634,0.0008097906596958634,win,win
ai_044_003_cam_02_frame.0091,ai_044_003,local_depth_rel,0.03036672698164528,0.029258207672021606,0.029052917210554533,0.030945606699044056,0.001313809771090746,0.03036672698164528,0.0289838945239105,0.029707859947600147,0.0331713937392289,0.0006588670340451318,0.0006549427370456141,-0.0006549427370456141,win,win
ai_044_003_cam_03_frame.0065,ai_044_003,local_depth_rel,0.07591792331500487,0.0755665902979672,0.07525060685690153,0.07554071311923591,0.0006673164581033342,0.07591792331500487,0.07666601769795472,0.07915496538308534,0.08216310021552173,-0.0032370420680804673,0.0039043585261838015,-0.0039043585261838015,win,loss
ai_045_008_cam_00_frame.0040,ai_045_008,local_depth_rel,0.014400359592400491,0.013021338847465813,0.011679107719101012,0.011342271231114864,0.002721251873299479,0.014400359592400491,0.01170827216701582,0.011453529237769544,0.012292925990186632,0.002946830354630947,-0.00022557848133146832,0.00022557848133146832,win,win
ai_045_008_cam_01_frame.0015,ai_045_008,local_depth_rel,0.02079448530760904,0.018498942566414673,0.01606469290951888,0.016626064743225772,0.0047297923980901616,0.02079448530760904,0.01682526431977749,0.015494502382352948,0.016451580449938774,0.005299982925256092,-0.0005701905271659306,0.0005701905271659306,win,win
ai_045_008_cam_01_frame.0089,ai_045_008,local_depth_rel,0.02583711248423372,0.02478106738999486,0.025129847627665316,0.026427431564245905,0.0007072648565684056,0.02583711248423372,0.023581680109990493,0.023530508524605205,0.024114581423678567,0.0023066039596285164,-0.0015993391030601108,0.0015993391030601108,win,win
ai_046_005_cam_00_frame.0064,ai_046_005,local_depth_rel,0.026600820943713188,0.02450496209785342,0.022570463921874763,0.02242265359964222,0.004030357021838425,0.026600820943713188,0.023306193551979958,0.022422116668894886,0.023746042139828206,0.004178704274818302,-0.0001483472529798767,0.0001483472529798767,win,win
ai_047_009_cam_00_frame.0038,ai_047_009,local_depth_rel,0.058523766696453094,0.05548834726214409,0.05383426286280155,0.05322443954646587,0.004689503833651541,0.058523766696453094,0.05564324930310249,0.05106831640005112,0.04952818676829338,0.007455450296401975,-0.0027659464627504335,0.0027659464627504335,win,win
ai_048_001_cam_00_frame.0013,ai_048_001,local_depth_rel,0.2366202373523265,0.2357952620368451,0.2346389319282025,0.23433137265965343,0.0019813054241240025,0.2366202373523265,0.23480431735515594,0.23506643087603152,0.23711805627681315,0.0015538064762949944,0.0004274989478290081,-0.0004274989478290081,win,win
ai_048_001_cam_00_frame.0088,ai_048_001,local_depth_rel,0.024189113173633814,0.022786972345784307,0.020628632279112935,0.019315903075039387,0.003560480894520879,0.024189113173633814,0.019573407480493188,0.01935487217269838,0.01971253426745534,0.004834241000935435,-0.0012737601064145565,0.0012737601064145565,win,win
ai_048_001_cam_01_frame.0064,ai_048_001,local_depth_rel,0.04481361887883395,0.04409984441008419,0.044082562206313014,0.04550953709986061,0.0007310566725209355,0.04481361887883395,0.0444052389357239,0.04560822545317933,0.04720102570718154,-0.0007946065743453801,0.0015256632468663156,-0.0015256632468663156,win,loss
ai_048_001_cam_02_frame.0050,ai_048_001,local_depth_rel,0.021595635917037725,0.020645427771589973,0.01994764159264212,0.020743785256689243,0.001647994324395604,0.021595635917037725,0.02089874268594113,0.021214463451707907,0.02271075826138258,0.0003811724653298189,0.001266821859065785,-0.001266821859065785,win,win
ai_048_001_cam_03_frame.0029,ai_048_001,local_depth_rel,0.02083945522705714,0.020452555889884632,0.021283940722544987,0.021194657621284325,-0.0004444854954878466,0.02083945522705714,0.019326920621097088,0.01907276688143611,0.0209063901565969,0.0017666883456210307,-0.0022111738411088773,0.0022111738411088773,loss,win
ai_050_002_cam_00_frame.0004,ai_050_002,local_depth_rel,0.06107556503266096,0.05663393307477236,0.05278372708708048,0.05531061105430126,0.008291837945580485,0.06107556503266096,0.0541999489068985,0.051839706022292376,0.05259890481829643,0.009235859010368587,-0.0009440210647881017,0.0009440210647881017,win,win
ai_050_002_cam_00_frame.0081,ai_050_002,local_depth_rel,0.0771773847285658,0.08033436764962971,0.09301855601370335,0.1195031953509897,-0.01584117128513754,0.0771773847285658,0.07976154219359159,0.08516686731018126,0.09411044334992766,-0.007989482581615456,-0.007851688703522083,0.007851688703522083,loss,loss
ai_050_002_cam_01_frame.0056,ai_050_002,local_depth_rel,0.029438553377985954,0.02535856080551942,0.019474261129895847,0.020416876922051113,0.009964292248090107,0.029438553377985954,0.017260173335671425,0.017199349589645863,0.02007766564687093,0.012239203788340092,-0.0022749115402499846,0.0022749115402499846,win,win
ai_050_002_cam_02_frame.0033,ai_050_002,local_depth_rel,0.047741147223860025,0.04488432236636678,0.03833131639597317,0.042316142469644547,0.009409830827886857,0.047741147223860025,0.04424132503724346,0.037667469043905534,0.036074443720281124,0.010073678179954491,-0.0006638473520676341,0.0006638473520676341,win,win
ai_050_002_cam_03_frame.0010,ai_050_002,local_depth_rel,0.011334998015728261,0.010756933958166175,0.010157831866915027,0.010766171332862642,0.0011771661488132346,0.011334998015728261,0.009334040650477013,0.010016635422491364,0.012311793398112059,0.0013183625932368971,-0.00014119644442366248,0.00014119644442366248,win,win
ai_050_002_cam_03_frame.0099,ai_050_002,local_depth_rel,0.027649814686314625,0.026271985674446278,0.026572257195684044,0.030396658842536537,0.0010775574906305811,0.027649814686314625,0.025407476350665092,0.026092352726581423,0.028937095352871853,0.0015574619597332022,-0.0004799044691026211,0.0004799044691026211,win,win
ai_050_002_cam_04_frame.0076,ai_050_002,local_depth_rel,0.028964667301625013,0.026933350623585282,0.025976258295122533,0.027818633522838355,0.00298840900650248,0.028964667301625013,0.02648649972397834,0.025539203849621116,0.026788773480802774,0.0034254634520038962,-0.00043705444550141623,0.00043705444550141623,win,win
ai_051_004_cam_00_frame.0051,ai_051_004,local_depth_rel,0.021449007300866976,0.020240803559621174,0.020443870065112908,0.021854782218320504,0.0010051372357540687,0.021449007300866976,0.0192450988623831,0.017674900099842086,0.018093821928939886,0.00377410720102489,-0.002768969965270821,0.002768969965270821,win,win
ai_051_004_cam_01_frame.0026,ai_051_004,local_depth_rel,0.05955823014179865,0.057960874090592064,0.05519250935564438,0.05350524124999841,0.00436572078615427,0.05955823014179865,0.05827259086072445,0.05655289518957337,0.05622840905562043,0.003005334952225283,0.001360385833928987,-0.001360385833928987,win,win
ai_051_004_cam_02_frame.0000,ai_051_004,local_depth_rel,0.023128178560485442,0.02087305656944712,0.017976379037524262,0.01799769829958677,0.00515179952296118,0.023128178560485442,0.01957795610651374,0.018028403104593357,0.01868865539630254,0.005099775455892085,5.202406706909454e-05,-5.202406706909454e-05,win,win
ai_051_004_cam_02_frame.0075,ai_051_004,local_depth_rel,0.025014095347036015,0.024705999446186153,0.024826535828072916,0.02547913726249879,0.00018755951896309853,0.025014095347036015,0.024603733644736083,0.024461219447072257,0.024922584945505314,0.0005528758999637576,-0.00036531638100065905,0.00036531638100065905,win,win
ai_051_004_cam_03_frame.0066,ai_051_004,local_depth_rel,0.020755976275540888,0.019087871117517353,0.017097279778681695,0.016474055079743265,0.003658696496859192,0.020755976275540888,0.01822460270486772,0.01874271910637617,0.020784524129703642,0.002013257169164718,0.0016454393276944743,-0.0016454393276944743,win,win
ai_051_004_cam_04_frame.0051,ai_051_004,local_depth_rel,0.0332827930978965,0.031851238396484405,0.03181044684606604,0.03294716210803017,0.0014723462518304586,0.0332827930978965,0.031216384581057355,0.030204405687982216,0.030403027340071276,0.003078387409914285,-0.0016060411580838263,0.0016060411580838263,win,win
ai_051_004_cam_05_frame.0026,ai_051_004,local_depth_rel,0.018356390421589215,0.017237952879319587,0.015773337241262196,0.015131048733989398,0.002583053180327019,0.018356390421589215,0.015999367119123538,0.014516689876715342,0.015226138584936658,0.003839700544873873,-0.0012566473645468541,0.0012566473645468541,win,win
ai_052_001_cam_00_frame.0000,ai_052_001,local_depth_rel,0.050907320715487,0.048833165178075434,0.048426845110952854,0.04954798859544098,0.0024804756045341478,0.050907320715487,0.04784742910414934,0.04800264991354197,0.050242846040055154,0.0029046708019450293,-0.0004241951974108815,0.0004241951974108815,win,win
ai_052_001_cam_00_frame.0075,ai_052_001,local_depth_rel,0.05422554880772766,0.05039863202622846,0.04942712918119995,0.05108873457892945,0.00479841962652771,0.05422554880772766,0.050266948822689686,0.04958209243456,0.05173548722737714,0.004643456373167661,0.00015496325336004924,-0.00015496325336004924,win,win
ai_052_001_cam_01_frame.0049,ai_052_001,local_depth_rel,0.06117430127536257,0.05945135412427286,0.05775800862142609,0.058027967047463686,0.0034162926539364827,0.06117430127536257,0.05885013213588132,0.06181094764421383,0.06315999914012435,-0.0006366463688512597,0.004052939022787742,-0.004052939022787742,win,loss
ai_052_003_cam_00_frame.0024,ai_052_003,local_depth_rel,0.029179163839823257,0.026351683870113145,0.02352320133165146,0.023066187917720526,0.005655962508171797,0.029179163839823257,0.02537737287154111,0.02444298631356408,0.025920672652622063,0.004736177526259176,0.0009197849819126205,-0.0009197849819126205,win,win
ai_052_003_cam_01_frame.0004,ai_052_003,local_depth_rel,0.03249751651310362,0.031226087536197156,0.0303594696597429,0.03069245393271558,0.00213804685336072,0.03249751651310362,0.0310332546941936,0.03083950737345731,0.031215171606163494,0.0016580091396463104,0.0004800377137144096,-0.0004800377137144096,win,win
ai_052_003_cam_01_frame.0092,ai_052_003,local_depth_rel,0.031167259983097512,0.028537607518956065,0.025685510995875422,0.025558980589266866,0.00548174898722209,0.031167259983097512,0.026872383799248684,0.024387227541107375,0.02352741901995614,0.006780032441990137,-0.001298283454768047,0.001298283454768047,win,win
ai_052_007_cam_00_frame.0069,ai_052_007,local_depth_rel,0.01548847152541081,0.014169621979817748,0.015394361146415273,0.018471611974140007,9.411037899553776e-05,0.01548847152541081,0.013535118817041317,0.012711502456416687,0.01267279808719953,0.0027769690689941236,-0.002682858689998586,0.002682858689998586,win,win
ai_052_007_cam_01_frame.0043,ai_052_007,local_depth_rel,0.02499073769431561,0.023455638799350708,0.023064803250599654,0.02486979600507766,0.001925934443715957,0.02499073769431561,0.0230727469548583,0.02167650606716052,0.022892043902538718,0.0033142316271550926,-0.0013882971834391356,0.0013882971834391356,win,win
ai_053_003_cam_00_frame.0018,ai_053_003,local_depth_rel,0.028545438523658297,0.025063157589598137,0.021638618760996244,0.020497901873155075,0.006906819762662053,0.028545438523658297,0.023520234824073585,0.019455597058615902,0.018041959529827265,0.009089841465042395,-0.0021830217023803417,0.0021830217023803417,win,win
ai_053_003_cam_00_frame.0093,ai_053_003,local_depth_rel,0.03006241557055286,0.02790544173746769,0.02462896435255451,0.02371118187771312,0.005433451217998351,0.03006241557055286,0.02613072923850268,0.023463231295214167,0.024484551777797087,0.006599184275338694,-0.001165733057340343,0.001165733057340343,win,win
ai_053_005_cam_00_frame.0067,ai_053_005,local_depth_rel,0.017831329158262202,0.015508301323279738,0.013699556060601026,0.014156948664764824,0.004131773097661176,0.017831329158262202,0.01394400730925171,0.01254038118732799,0.01381009015695829,0.005290947970934212,-0.0011591748732730361,0.0011591748732730361,win,win
ai_055_009_cam_00_frame.0043,ai_055_009,local_depth_rel,0.029225857249305893,0.02590371189095701,0.022129507657761376,0.02268455010683586,0.0070963495915445166,0.029225857249305893,0.024605606799013913,0.02231384441256523,0.02375198481604457,0.0069120128367406615,0.00018433675480385506,-0.00018433675480385506,win,win
ai_055_009_cam_01_frame.0017,ai_055_009,local_depth_rel,0.053378389799036086,0.052455395739525554,0.05601173988543451,0.060962746385484934,-0.0026333500863984227,0.053378389799036086,0.051318306219764055,0.051701886625960466,0.05262660225853324,0.0016765031730756191,-0.004309853259474042,0.004309853259474042,loss,win
ai_055_009_cam_01_frame.0099,ai_055_009,local_depth_rel,0.05040787177858874,0.048147602879907936,0.04765488994598854,0.05358494899701327,0.0027529818326001987,0.05040787177858874,0.04748370876768604,0.05011293987627141,0.05417986755492166,0.00029493190231733024,0.0024580499302828684,-0.0024580499302828684,win,win
ai_003_010_cam_00_frame.0000,ai_003_010,local_point_delta_0.01,0.3682965482585132,0.43287477223202586,0.4723931043408811,0.48267464293166995,0.1040965560823679,0.3682965482585132,0.4600462717935443,0.5182031830772758,0.5162722123786807,0.14990663481876254,0.045810078736394644,0.045810078736394644,win,win
ai_003_010_cam_00_frame.0077,ai_003_010,local_point_delta_0.01,0.3802805721759796,0.4412418484687805,0.5725623965263367,0.47439207434654235,0.19228182435035707,0.3802805721759796,0.6543207049369812,0.5596045672893524,0.4552649617195129,0.17932399511337277,-0.012957829236984297,-0.012957829236984297,win,win
ai_003_010_cam_01_frame.0051,ai_003_010,local_point_delta_0.01,0.5084478124976158,0.5306482151150703,0.47280308380723,0.34737237468361853,-0.03564472869038582,0.5084478124976158,0.5259378902614117,0.48286728784441946,0.3734034702181816,-0.02558052465319638,0.01006420403718944,0.01006420403718944,loss,loss
ai_004_003_cam_00_frame.0026,ai_004_003,local_point_delta_0.01,0.2660273474951585,0.3023214414715767,0.3531200575331847,0.2999076408644517,0.08709271003802621,0.2660273474951585,0.30708760147293407,0.30350887899597484,0.2897526187201341,0.037481531500816345,-0.049611178537209866,-0.049611178537209866,win,win
ai_004_003_cam_01_frame.0000,ai_004_003,local_point_delta_0.01,0.9911049753427505,0.9938905835151672,0.9988523051142693,0.9994680732488632,0.007747329771518707,0.9911049753427505,0.9915951639413834,0.9927520602941513,0.9972124397754669,0.0016470849514007568,-0.0061002448201179504,-0.0061002448201179504,win,win
ai_004_003_cam_01_frame.0075,ai_004_003,local_point_delta_0.01,0.6281857577789771,0.6689555614598488,0.6689970950154882,0.6134974534966444,0.04081133723651109,0.6281857577789771,0.6654658671468496,0.6534804217517376,0.6023984616132159,0.02529466397276048,-0.015516673263750613,-0.015516673263750613,win,win
ai_004_004_cam_00_frame.0050,ai_004_004,local_point_delta_0.01,0.6345256745815278,0.666966374963522,0.666785354167223,0.6371370889246464,0.0322596795856952,0.6345256745815278,0.6810673303902149,0.6710116446018219,0.6411690294742585,0.03648597002029419,0.004226290434598989,0.004226290434598989,win,win
ai_004_004_cam_01_frame.0024,ai_004_004,local_point_delta_0.01,0.5371041066116757,0.6004970065421529,0.6940293262402216,0.7038211739725537,0.1569252196285459,0.5371041066116757,0.7021851518915759,0.7438786096043057,0.6944115973181195,0.20677450299263,0.04984928336408412,0.04984928336408412,win,win
ai_004_004_cam_01_frame.0099,ai_004_004,local_point_delta_0.01,0.464327125913567,0.4914509463641379,0.5037329635686345,0.3954225815832615,0.0394058376550675,0.464327125913567,0.49921303821934593,0.5166838417450587,0.4420723542571068,0.05235671583149165,0.012950878176424152,0.012950878176424152,win,win
ai_004_010_cam_01_frame.0023,ai_004_010,local_point_delta_0.01,0.3501774695302759,0.3892900028399059,0.38275169474737986,0.2636221743055752,0.03257422521710396,0.3501774695302759,0.342949387218271,0.42855219330106464,0.3743462562561035,0.07837472377078875,0.04580049855368479,0.04580049855368479,win,win
ai_005_005_cam_00_frame.0017,ai_005_005,local_point_delta_0.01,0.452801000740793,0.4803638805945714,0.5318073580662409,0.527804371383455,0.07900635732544792,0.452801000740793,0.4754877719614241,0.5140812454952134,0.5313597238726087,0.0612802447544204,-0.01772611257102752,-0.01772611257102752,win,win
ai_005_005_cam_00_frame.0092,ai_005_005,local_point_delta_0.01,0.4654198030808142,0.46196564060768913,0.4780687081760594,0.4360231982677111,0.012648905095245189,0.4654198030808142,0.4527839249266045,0.4351154226543648,0.43059772266341106,-0.030304380426449395,-0.042953285521694584,-0.042953285521694584,win,loss
ai_006_007_cam_00_frame.0066,ai_006_007,local_point_delta_0.01,0.41787735000252724,0.5034833368327882,0.6188729003899627,0.639310913781325,0.20099555038743544,0.41787735000252724,0.608666996161143,0.6063936137490802,0.5260509707861476,0.18851626374655295,-0.012479286640882492,-0.012479286640882492,win,win
ai_007_001_cam_00_frame.0042,ai_007_001,local_point_delta_0.01,0.4310435666279359,0.504812010309913,0.5598872249776666,0.5098956430500204,0.12884365834973072,0.4310435666279359,0.5542766153812408,0.6245339783755216,0.5748842846263539,0.1934904117475857,0.06464675339785497,0.06464675339785497,win,win
ai_007_001_cam_01_frame.0016,ai_007_001,local_point_delta_0.01,0.22505071345302793,0.26616409627927673,0.3018842728601562,0.2886662267976337,0.07683355940712824,0.22505071345302793,0.29239436321788365,0.31422020660506356,0.307454827759001,0.08916949315203562,0.01233593374490738,0.01233593374490738,win,win
ai_007_001_cam_01_frame.0091,ai_007_001,local_point_delta_0.01,0.2226392598822713,0.2700119260698557,0.38319893181324005,0.3464991208165884,0.16055967193096876,0.2226392598822713,0.2679666420444846,0.364509766921401,0.3530518729239702,0.14187050703912973,-0.018689164891839027,-0.018689164891839027,win,win
ai_009_007_cam_00_frame.0066,ai_009_007,local_point_delta_0.01,0.43686718742052716,0.5437844594319662,0.5784528950850168,0.587900181611379,0.1415857076644897,0.43686718742052716,0.5492005149523417,0.6032511591911316,0.5700693229834238,0.16638397177060443,0.024798264106114742,0.024798264106114742,win,win
ai_009_009_cam_00_frame.0040,ai_009_009,local_point_delta_0.01,0.2933917798101902,0.41819848865270615,0.32360662072896956,0.18577887676656246,0.03021484091877935,0.2933917798101902,0.3538669928908348,0.39460788667201996,0.3160408779978752,0.10121610686182975,0.0710012659430504,0.0710012659430504,win,win
ai_010_007_cam_00_frame.0015,ai_010_007,local_point_delta_0.01,0.6823039386007521,0.731745011276669,0.7541578610738119,0.6746162407928042,0.07185392247305977,0.6823039386007521,0.7273063196076287,0.6924175686306424,0.63915725880199,0.010113630029890297,-0.061740292443169476,-0.061740292443169476,win,win
ai_010_007_cam_00_frame.0089,ai_010_007,local_point_delta_0.01,0.5102284792810678,0.5774495378136635,0.7157936692237854,0.7085765898227692,0.20556518994271755,0.5102284792810678,0.6530980262905359,0.7099364176392555,0.6751009970903397,0.19970793835818768,-0.005857251584529877,-0.005857251584529877,win,win
ai_012_005_cam_00_frame.0064,ai_012_005,local_point_delta_0.01,0.08995599299669266,0.0988868772983551,0.11144188791513443,0.12826818227767944,0.021485894918441772,0.08995599299669266,0.12943308055400848,0.13305720686912537,0.09280352294445038,0.04310121387243271,0.021615318953990936,0.021615318953990936,win,win
ai_015_001_cam_00_frame.0039,ai_015_001,local_point_delta_0.01,0.37131543705860776,0.3860436777273814,0.46607357263565063,0.5022721762458483,0.09475813557704288,0.37131543705860776,0.49411486089229584,0.5143341422080994,0.4547288765509923,0.1430187051494916,0.04826056957244873,0.04826056957244873,win,win
ai_015_004_cam_00_frame.0013,ai_015_004,local_point_delta_0.01,0.7125404732567924,0.7494892435414451,0.7619345911911556,0.729607089289597,0.04939411793436321,0.7125404732567924,0.7813117780855724,0.7361469928707395,0.66609966222729,0.023606519613947108,-0.025787598320416105,-0.025787598320416105,win,win
ai_015_004_cam_00_frame.0088,ai_015_004,local_point_delta_0.01,0.0172591432929039,0.01803194172680378,0.01880474016070366,0.020092735067009926,0.001545596867799759,0.0172591432929039,0.024987120181322098,0.03297269344329834,0.03992787003517151,0.01571355015039444,0.01416795328259468,0.01416795328259468,win,win
ai_016_001_cam_01_frame.0062,ai_016_001,local_point_delta_0.01,0.3985455830891927,0.4050314923127492,0.3430088510115941,0.3629176417986552,-0.05553673207759857,0.3985455830891927,0.38201499978701275,0.28450826307137805,0.2638373027245204,-0.11403732001781464,-0.058500587940216064,-0.058500587940216064,loss,loss
ai_016_004_cam_00_frame.0037,ai_016_004,local_point_delta_0.01,0.46803733706474304,0.5257047861814499,0.5100700259208679,0.26849936693906784,0.04203268885612488,0.46803733706474304,0.587890625,0.5671929717063904,0.37237098813056946,0.09915563464164734,0.05712294578552246,0.05712294578552246,win,win
ai_017_007_cam_00_frame.0011,ai_017_007,local_point_delta_0.01,0.3492317511700094,0.40716460114344954,0.4053794229403138,0.3908079592511058,0.05614767177030444,0.3492317511700094,0.38766434928402305,0.398981686681509,0.35683287773281336,0.04974993551149964,-0.006397736258804798,-0.006397736258804798,win,win
ai_017_007_cam_00_frame.0086,ai_017_007,local_point_delta_0.01,0.23942988738417625,0.31975681707262993,0.480508990585804,0.45971281081438065,0.24107910320162773,0.23942988738417625,0.25860731303691864,0.3285101316869259,0.37226710468530655,0.08908024430274963,-0.1519988588988781,-0.1519988588988781,win,win
ai_017_007_cam_01_frame.0061,ai_017_007,local_point_delta_0.01,0.4731532497839494,0.5065747987140309,0.5523077547550201,0.4976199540224942,0.07915450497107074,0.4731532497839494,0.5561665675856851,0.5595625273206017,0.5355016616257754,0.08640927753665234,0.007254772565581602,0.007254772565581602,win,win
ai_018_005_cam_00_frame.0035,ai_018_005,local_point_delta_0.01,0.5538838213043553,0.5945442324238164,0.6261990613171032,0.5793428208146777,0.07231524001274792,0.5538838213043553,0.590890855129276,0.5934005534010274,0.5887047212038722,0.03951673209667206,-0.03279850791607586,-0.03279850791607586,win,win
ai_018_005_cam_01_frame.0010,ai_018_005,local_point_delta_0.01,0.6261509550469262,0.6764551411781993,0.7903862297534943,0.822673465524401,0.16423527470656807,0.6261509550469262,0.7743151081459863,0.8271021587508065,0.7163144648075104,0.2009512037038803,0.03671592899731224,0.03671592899731224,win,win
ai_018_005_cam_01_frame.0084,ai_018_005,local_point_delta_0.01,0.46574741369113326,0.4197710483567789,0.3295273673720658,0.28229542193003,-0.13622004631906748,0.46574741369113326,0.45970996120013297,0.37025665771216154,0.3358410244109109,-0.09549075597897172,0.04072929034009576,0.04072929034009576,loss,loss
ai_019_008_cam_00_frame.0059,ai_019_008,local_point_delta_0.01,0.5227695629000664,0.5321094021201134,0.5141209959983826,0.4372798204421997,-0.008648566901683807,0.5227695629000664,0.5880881994962692,0.4873203784227371,0.40884217619895935,-0.035449184477329254,-0.026800617575645447,-0.026800617575645447,loss,loss
ai_022_010_cam_00_frame.0034,ai_022_010,local_point_delta_0.01,0.25461089494638145,0.2512209683191031,0.25256530242040753,0.2845325747039169,-0.002045592525973916,0.25461089494638145,0.22058810596354306,0.25418508774600923,0.321819419041276,-0.0004258072003722191,0.001619785325601697,0.001619785325601697,loss,loss
ai_023_003_cam_00_frame.0008,ai_023_003,local_point_delta_0.01,0.42209333181381226,0.46633222699165344,0.5156667679548264,0.5840514004230499,0.0935734361410141,0.42209333181381226,0.6083494424819946,0.7272803038358688,0.67110276222229,0.3051869720220566,0.21161353588104248,0.21161353588104248,win,win
ai_023_003_cam_00_frame.0083,ai_023_003,local_point_delta_0.01,0.9411031901836395,0.9974810779094696,0.9856212139129639,0.9213888049125671,0.04451802372932434,0.9411031901836395,0.9955376982688904,0.9879030585289001,0.9705515801906586,0.04679986834526062,0.0022818446159362793,0.0022818446159362793,win,win
ai_023_003_cam_01_frame.0057,ai_023_003,local_point_delta_0.01,0.7186710238456726,0.7520446678002676,0.7914998332659403,0.7389988377690315,0.0728288094202677,0.7186710238456726,0.8252027283112208,0.7419731120268503,0.6843231370051702,0.023302088181177738,-0.049526721239089966,-0.049526721239089966,win,win
ai_024_012_cam_00_frame.0032,ai_024_012,local_point_delta_0.01,0.5757409086864855,0.5976068524436818,0.6204121094197035,0.6156502713759741,0.04467120073321795,0.5757409086864855,0.6718234778899286,0.6417166880435414,0.6202956069674757,0.0659757793570559,0.021304578623837944,0.021304578623837944,win,win
ai_024_013_cam_00_frame.0007,ai_024_013,local_point_delta_0.01,0.4314868450164795,0.48417580624421436,0.5668738434712092,0.5291301930944124,0.13538699845472968,0.4314868450164795,0.5922501732905706,0.6157718673348427,0.5095941523710886,0.1842850223183632,0.04889802386363351,0.04889802386363351,win,win
ai_024_013_cam_00_frame.0081,ai_024_013,local_point_delta_0.01,0.48829859793186187,0.5280529379844665,0.5804121017456054,0.4371046543121338,0.09211350381374356,0.48829859793186187,0.6105522841215134,0.5634404569864273,0.4889174848794937,0.07514185905456544,-0.016971644759178117,-0.016971644759178117,win,win
ai_028_008_cam_00_frame.0056,ai_028_008,local_point_delta_0.01,0.342255396147569,0.4068207914630572,0.48044138712187606,0.48953146239121753,0.13818599097430706,0.342255396147569,0.4334462167074283,0.4594895076006651,0.4950724585602681,0.11723411145309609,-0.02095187952121097,-0.02095187952121097,win,win
ai_030_008_cam_01_frame.0005,ai_030_008,local_point_delta_0.01,0.4722844921052456,0.5234312849740187,0.613239818563064,0.6284417261679968,0.1409553264578184,0.4722844921052456,0.6511708783606688,0.6954660080373287,0.6553615735222896,0.22318151593208313,0.08222618947426474,0.08222618947426474,win,win
ai_031_004_cam_00_frame.0047,ai_031_004,local_point_delta_0.01,0.35982153192162514,0.4334843626452817,0.39935533371236587,0.31690530065033173,0.03953380179074073,0.35982153192162514,0.4226830196049478,0.38981409660644,0.34531846683886314,0.02999256468481487,-0.00954123710592586,-0.00954123710592586,win,win
ai_031_010_cam_00_frame.0022,ai_031_010,local_point_delta_0.01,0.3909806152805686,0.4360761037096381,0.5289510553702712,0.5108852544799447,0.1379704400897026,0.3909806152805686,0.45871933130547404,0.5395742766559124,0.5128694893792272,0.1485936613753438,0.010623221285641193,0.010623221285641193,win,win
ai_031_010_cam_00_frame.0096,ai_031_010,local_point_delta_0.01,0.2134708184748888,0.23527786023914815,0.26248232908546926,0.3024828342720866,0.049011510610580455,0.2134708184748888,0.2648494018241763,0.29746094159781933,0.23228134755045177,0.08399012312293053,0.03497861251235007,0.03497861251235007,win,win
ai_032_007_cam_00_frame.0071,ai_032_007,local_point_delta_0.01,0.658411986145534,0.665879706803121,0.5681546252024802,0.44570373645738554,-0.09025736094305381,0.658411986145534,0.6656873177148794,0.6487596715359312,0.6049782365168396,-0.009652314609602808,0.080605046333451,0.080605046333451,loss,loss
ai_035_003_cam_00_frame.0045,ai_035_003,local_point_delta_0.01,0.23076396187146506,0.31672123074531555,0.46253660321235657,0.582967201868693,0.2317726413408915,0.23076396187146506,0.44483013947804767,0.5914943218231201,0.49394237001736957,0.36073035995165503,0.12895771861076355,0.12895771861076355,win,win
ai_035_004_cam_00_frame.0020,ai_035_004,local_point_delta_0.01,0.3970497101545334,0.5446335449814796,0.7881309986114502,0.5743112117052078,0.3910812884569168,0.3970497101545334,0.5156163722276688,0.8072299361228943,0.7592893540859222,0.4101802259683609,0.019098937511444092,0.019098937511444092,win,win
ai_038_009_cam_00_frame.0069,ai_038_009,local_point_delta_0.01,0.33677488870241423,0.34396089748902753,0.36354209753600036,0.324867728758942,0.02676720883358613,0.33677488870241423,0.30384613844481384,0.3423597440123558,0.28863162479617377,0.005584855309941572,-0.02118235352364456,-0.02118235352364456,win,win
ai_038_009_cam_01_frame.0044,ai_038_009,local_point_delta_0.01,0.5139261070224974,0.5672391967640983,0.589910700917244,0.47109783358044094,0.07598459389474654,0.5139261070224974,0.519886357916726,0.5120225018925137,0.4879859685897827,-0.0019036051299836654,-0.07788819902473021,-0.07788819902473021,win,loss
ai_039_003_cam_00_frame.0018,ai_039_003,local_point_delta_0.01,0.34912400841712954,0.4143920838832855,0.6109842956066132,0.5310195833444595,0.2618602871894836,0.34912400841712954,0.48205277025699617,0.6185629546642304,0.613855105638504,0.26943894624710085,0.007578659057617232,0.007578659057617232,win,win
ai_039_003_cam_00_frame.0093,ai_039_003,local_point_delta_0.01,0.4779513312710656,0.5226417266660266,0.6513951387670305,0.6766315980090035,0.17344380749596489,0.4779513312710656,0.600705290834109,0.7038514614105225,0.695298390256034,0.22590013013945687,0.05245632264349198,0.05245632264349198,win,win
ai_039_003_cam_01_frame.0068,ai_039_003,local_point_delta_0.01,0.6404069264729818,0.7193720257944531,0.6957343767086664,0.5632158327433798,0.05532745023568464,0.6404069264729818,0.724473762843344,0.7078797672357824,0.6509551062352128,0.06747284076280058,0.01214539052711594,0.01214539052711594,win,win
ai_041_003_cam_00_frame.0042,ai_041_003,local_point_delta_0.01,0.49712737649679184,0.5329976517420548,0.5646912065836099,0.541730488722141,0.0675638300868181,0.49712737649679184,0.5441395170413531,0.5451555446936533,0.5218187478872446,0.04802816819686151,-0.01953566188995659,-0.01953566188995659,win,win
ai_044_001_cam_00_frame.0017,ai_044_001,local_point_delta_0.01,0.46416125879172354,0.5271981072521978,0.6215069989763922,0.6115407402957639,0.15734574018466863,0.46416125879172354,0.5639837446712679,0.6331931037768241,0.6219188546942126,0.1690318449851006,0.011686104800431973,0.011686104800431973,win,win
ai_044_001_cam_00_frame.0091,ai_044_001,local_point_delta_0.01,0.536135746609597,0.6158647175346103,0.6878421881369182,0.6253287068435124,0.15170644152732127,0.536135746609597,0.7025140325228373,0.7509654788743882,0.7019647331464858,0.2148297322647913,0.06312329073747003,0.06312329073747003,win,win
ai_044_001_cam_01_frame.0067,ai_044_001,local_point_delta_0.01,0.44557978425707134,0.5167052202991077,0.641770818403789,0.5572929219121024,0.19619103414671768,0.44557978425707134,0.5877333624022347,0.6579536902053016,0.6102575794571922,0.21237390594823025,0.016182871801512566,0.016182871801512566,win,win
ai_044_003_cam_01_frame.0042,ai_044_003,local_point_delta_0.01,0.5060033154274736,0.5730746739677021,0.6188176295586995,0.5990790320294244,0.11281431413122589,0.5060033154274736,0.5960587720785823,0.5944647661277226,0.5544649330633027,0.08846145070024902,-0.024352863430976868,-0.024352863430976868,win,win
ai_044_003_cam_02_frame.0016,ai_044_003,local_point_delta_0.01,0.5878102034330368,0.6981514722108841,0.6700226604938507,0.5595222532749176,0.08221245706081393,0.5878102034330368,0.7227607727050781,0.7134703010320663,0.6500271290540696,0.12566009759902952,0.04344764053821559,0.04344764053821559,win,win
ai_044_003_cam_02_frame.0091,ai_044_003,local_point_delta_0.01,0.39536978727714583,0.47643651051277464,0.5076021812856197,0.4496329103342511,0.1122323940084739,0.39536978727714583,0.5006119051778858,0.5019127609716221,0.3706460070203651,0.10654297369447624,-0.005689420313997662,-0.005689420313997662,win,win
ai_044_003_cam_03_frame.0065,ai_044_003,local_point_delta_0.01,0.5765252709388733,0.6005875305695967,0.60378129102967,0.5886284654790704,0.02725602009079675,0.5765252709388733,0.5917386900294911,0.5790528939528898,0.5565845675089143,0.0025276230140165445,-0.024728397076780206,-0.024728397076780206,win,win
ai_045_008_cam_00_frame.0040,ai_045_008,local_point_delta_0.01,0.5350079022347927,0.5886425174772739,0.6289971489459276,0.6631654562428594,0.09398924671113495,0.5350079022347927,0.6713189482688904,0.7062027923762798,0.6763324432075024,0.17119489014148714,0.07720564343035219,0.07720564343035219,win,win
ai_045_008_cam_01_frame.0015,ai_045_008,local_point_delta_0.01,0.4413633830845356,0.4698571835954984,0.5364689255754153,0.5213085735837618,0.09510554249087966,0.4413633830845356,0.5196164945761362,0.573564757903417,0.5584912126262983,0.1322013748188814,0.03709583232800173,0.03709583232800173,win,win
ai_045_008_cam_01_frame.0089,ai_045_008,local_point_delta_0.01,0.4084486258881433,0.42626060971191954,0.4413170963525772,0.4265471569129399,0.03286847046443392,0.4084486258881433,0.5057193849767957,0.5053518818957465,0.47707114687987734,0.09690325600760324,0.06403478554316933,0.06403478554316933,win,win
ai_046_005_cam_00_frame.0064,ai_046_005,local_point_delta_0.01,0.44573803395032885,0.5176445886492729,0.5839519470930099,0.6043755173683166,0.13821391314268106,0.44573803395032885,0.5358857199549675,0.5532961577177048,0.5507740840315819,0.10755812376737595,-0.03065578937530511,-0.03065578937530511,win,win
ai_047_009_cam_00_frame.0038,ai_047_009,local_point_delta_0.01,0.2550100713968277,0.27918739020824435,0.33950255215168,0.25028567016124725,0.08449248075485233,0.2550100713968277,0.25957530438899995,0.3564698815345764,0.3551971882581711,0.10145981013774874,0.016967329382896412,0.016967329382896412,win,win
ai_048_001_cam_00_frame.0013,ai_048_001,local_point_delta_0.01,0.4389253333210945,0.46072907000780106,0.5058792904019356,0.5399253517389297,0.06695395708084106,0.4389253333210945,0.486323781311512,0.5461043938994408,0.4687080979347229,0.10717906057834625,0.04022510349750519,0.04022510349750519,win,win
ai_048_001_cam_00_frame.0088,ai_048_001,local_point_delta_0.01,0.3894098997116089,0.4295300729572773,0.49204108119010925,0.5366487689316273,0.10263118147850037,0.3894098997116089,0.551965843886137,0.5427665151655674,0.5544378720223904,0.1533566154539585,0.050725433975458145,0.050725433975458145,win,win
ai_048_001_cam_01_frame.0064,ai_048_001,local_point_delta_0.01,0.4458481546025723,0.4429596940171905,0.45483319454069715,0.41558282259939006,0.008985039938124828,0.4458481546025723,0.4757767680566758,0.49071349937003106,0.4882466568815289,0.04486534476745874,0.03588030482933391,0.03588030482933391,win,win
ai_048_001_cam_02_frame.0050,ai_048_001,local_point_delta_0.01,0.5895745012570511,0.6341602236709811,0.657160261137919,0.6249767020344734,0.0675857598808679,0.5895745012570511,0.6292031261731278,0.6135309118438851,0.5446226566352628,0.023956410586833954,-0.04362934929403395,-0.04362934929403395,win,win
ai_048_001_cam_03_frame.0029,ai_048_001,local_point_delta_0.01,0.3113906979560852,0.3229582955439885,0.31270092229048413,0.32880551119645435,0.001310224334398924,0.3113906979560852,0.3966245502233505,0.44879764318466187,0.396250456571579,0.13740694522857666,0.13609672089417774,0.13609672089417774,win,win
ai_050_002_cam_00_frame.0004,ai_050_002,local_point_delta_0.01,0.4436811037361622,0.5340810187160969,0.6189156845211983,0.5754457026720047,0.17523458078503606,0.4436811037361622,0.5425990052521229,0.5471371784806252,0.5210757181048393,0.10345607474446294,-0.07177850604057312,-0.07177850604057312,win,win
ai_050_002_cam_00_frame.0081,ai_050_002,local_point_delta_0.01,0.30445593912154434,0.33103950377553704,0.29582322631031277,0.26595654860138895,-0.008632712811231569,0.30445593912154434,0.3433797374367714,0.3518109733238816,0.33799063339829444,0.047355034202337276,0.055987747013568845,0.055987747013568845,loss,win
ai_050_002_cam_01_frame.0056,ai_050_002,local_point_delta_0.01,0.359981931746006,0.4387647161881129,0.5725683818260828,0.493267963329951,0.21258645008007682,0.359981931746006,0.6102947394053141,0.6536915898323059,0.4644234776496887,0.2937096580862999,0.08112320800622308,0.08112320800622308,win,win
ai_050_002_cam_02_frame.0033,ai_050_002,local_point_delta_0.01,0.32212554352978867,0.399240305647254,0.4078953765953581,0.35166488712032634,0.0857698330655694,0.32212554352978867,0.41267455896983546,0.43124334483097,0.35433954124649364,0.10911780130118132,0.023347968235611916,0.023347968235611916,win,win
ai_050_002_cam_03_frame.0010,ai_050_002,local_point_delta_0.01,0.5702999879916509,0.5791415257586373,0.5954007655382156,0.5813190903928545,0.0251007775465647,0.5702999879916509,0.6018000510003831,0.608085561129782,0.5882902277840508,0.03778557313813102,0.012684795591566322,0.012684795591566322,win,win
ai_050_002_cam_03_frame.0099,ai_050_002,local_point_delta_0.01,0.30719568250192836,0.33076468300582335,0.33117092129859055,0.2950225525366312,0.02397523879666219,0.30719568250192836,0.3465646424923431,0.368791626512327,0.3552910533141006,0.06159594401039864,0.03762070521373645,0.03762070521373645,win,win
ai_050_002_cam_04_frame.0076,ai_050_002,local_point_delta_0.01,0.42536958381533624,0.4961278229951859,0.5457893371582031,0.4977424629032612,0.12041975334286686,0.42536958381533624,0.5022106468677521,0.5500736948102712,0.5032478105276823,0.124704110994935,0.004284357652068138,0.004284357652068138,win,win
ai_051_004_cam_00_frame.0051,ai_051_004,local_point_delta_0.01,0.5157185664607419,0.5352551937103271,0.4614537258942922,0.4172722477879789,-0.0542648405664497,0.5157185664607419,0.5117718730535772,0.4521549567580223,0.42556969893889296,-0.06356360970271957,-0.009298769136269869,-0.009298769136269869,loss,loss
ai_051_004_cam_01_frame.0026,ai_051_004,local_point_delta_0.01,0.31748079787939787,0.35015473576883477,0.40299629730482894,0.4115189841638009,0.08551549942543107,0.31748079787939787,0.33328699599951506,0.3334553244834145,0.3164758887141943,0.015974526604016603,-0.06954097282141447,-0.06954097282141447,win,win
ai_051_004_cam_02_frame.0000,ai_051_004,local_point_delta_0.01,0.5047397469480832,0.551115021109581,0.5943037301301957,0.5538403337200483,0.08956398318211245,0.5047397469480832,0.5636914889017741,0.6078745732704799,0.5739910180370013,0.10313482632239668,0.013570843140284228,0.013570843140284228,win,win
ai_051_004_cam_02_frame.0075,ai_051_004,local_point_delta_0.01,0.7043208344416185,0.6957867064259269,0.6666621349074624,0.6414665146307512,-0.037658699534156126,0.7043208344416185,0.6929321858015928,0.6836746253750541,0.6457746557214044,-0.020646209066564447,0.01701249046759168,0.01701249046759168,loss,loss
ai_051_004_cam_03_frame.0066,ai_051_004,local_point_delta_0.01,0.45066748932003975,0.48203365653753283,0.5989266514778138,0.652914559841156,0.14825916215777402,0.45066748932003975,0.5401697292923927,0.5958517462015152,0.5675763815641404,0.1451842568814754,-0.0030749052762986118,-0.0030749052762986118,win,win
ai_051_004_cam_04_frame.0051,ai_051_004,local_point_delta_0.01,0.3712467788718641,0.4191266936250031,0.43433166900649667,0.40683417161926627,0.06308489013463259,0.3712467788718641,0.405530562158674,0.4415164487436414,0.4576826449483633,0.0702696698717773,0.007184779737144709,0.007184779737144709,win,win
ai_051_004_cam_05_frame.0026,ai_051_004,local_point_delta_0.01,0.553841628630956,0.6022724558909734,0.6485769848028818,0.6800828437010448,0.09473535617192586,0.553841628630956,0.6279314915339153,0.7140910565853119,0.6763188223044078,0.16024942795435593,0.06551407178243007,0.06551407178243007,win,win
ai_052_001_cam_00_frame.0000,ai_052_001,local_point_delta_0.01,0.3992719009518623,0.48585538752377033,0.516014439612627,0.4970969591289759,0.11674253866076473,0.3992719009518623,0.49221790954470634,0.5283595606684685,0.4793517753481865,0.12908765971660613,0.012345121055841402,0.012345121055841402,win,win
ai_052_001_cam_00_frame.0075,ai_052_001,local_point_delta_0.01,0.34980003339679616,0.41414392661107213,0.41789532060685913,0.38097458215136276,0.06809528721006297,0.34980003339679616,0.4412020801713592,0.43762716415681335,0.37142686663489594,0.08782713076001719,0.01973184354995422,0.01973184354995422,win,win
ai_052_001_cam_01_frame.0049,ai_052_001,local_point_delta_0.01,0.4082979372599059,0.46962581171343726,0.4835389492412408,0.3954839720908139,0.07524101198133493,0.4082979372599059,0.4839935248924626,0.5101884795456297,0.4712002196659644,0.10189054228572386,0.026649530304388935,0.026649530304388935,win,win
ai_052_003_cam_00_frame.0024,ai_052_003,local_point_delta_0.01,0.5398784553011259,0.6174089958270391,0.7087940101822218,0.6943720728158951,0.1689155548810959,0.5398784553011259,0.6926998818914095,0.698569138844808,0.665040614704291,0.1586906835436821,-0.010224871337413788,-0.010224871337413788,win,win
ai_052_003_cam_01_frame.0004,ai_052_003,local_point_delta_0.01,0.5937031544744968,0.6497565247118473,0.7093285359442234,0.6990679763257504,0.11562538146972656,0.5937031544744968,0.6554092429578304,0.6779210232198238,0.6700978428125381,0.084217868745327,-0.03140751272439957,-0.03140751272439957,win,win
ai_052_003_cam_01_frame.0092,ai_052_003,local_point_delta_0.01,0.6023869198591759,0.6763088895628849,0.7465851831560334,0.6992384362965822,0.14419826329685748,0.6023869198591759,0.7330946906780204,0.7399113341234624,0.7276854266722997,0.13752441426428652,-0.006673849032570955,-0.006673849032570955,win,win
ai_052_007_cam_00_frame.0069,ai_052_007,local_point_delta_0.01,0.5257862309614817,0.6792054275671641,0.69563161333402,0.5740991681814194,0.16984538237253832,0.5257862309614817,0.6776888966560364,0.7679193119208018,0.7488712271054586,0.24213308095932007,0.07228769858678175,0.07228769858678175,win,win
ai_052_007_cam_01_frame.0043,ai_052_007,local_point_delta_0.01,0.4391923055052757,0.49464555233716967,0.49000872373580934,0.47748865038156507,0.05081641823053362,0.4391923055052757,0.5029748246073723,0.5883477881550789,0.5896602585911751,0.14915548264980322,0.0983390644192696,0.0983390644192696,win,win
ai_053_003_cam_00_frame.0018,ai_053_003,local_point_delta_0.01,0.32346387444572017,0.4021877944469452,0.49602842195467517,0.5441496724432165,0.172564547508955,0.32346387444572017,0.44242347844622354,0.5677977861328558,0.6354363039135933,0.24433391168713564,0.07176936417818064,0.07176936417818064,win,win
ai_053_003_cam_00_frame.0093,ai_053_003,local_point_delta_0.01,0.4080214521714619,0.47601595308099476,0.4665130781275885,0.4589636730296271,0.058491625956126614,0.4080214521714619,0.4805936728205,0.48538778509412495,0.4395318159035274,0.07736633292266304,0.018874706966536425,0.018874706966536425,win,win
ai_053_005_cam_00_frame.0067,ai_053_005,local_point_delta_0.01,0.45748360455036163,0.5512539909074181,0.6803774006272617,0.6658368965512828,0.22289379607690007,0.45748360455036163,0.634080095118598,0.7198152573485124,0.6839483788138941,0.26233165279815074,0.039437856721250664,0.039437856721250664,win,win
ai_055_009_cam_00_frame.0043,ai_055_009,local_point_delta_0.01,0.45263081789016724,0.5182830840349197,0.6459995905558268,0.6942520340283712,0.19336877266565955,0.45263081789016724,0.5474487592776617,0.6081561744213104,0.5799035628636678,0.1555253565311432,-0.03784341613451636,-0.03784341613451636,win,win
ai_055_009_cam_01_frame.0017,ai_055_009,local_point_delta_0.01,0.3541456550359726,0.3967150904238224,0.3870269261300564,0.33503106571733954,0.032881271094083786,0.3541456550359726,0.4083218231797218,0.3855775907635689,0.37269571200013163,0.03143193572759628,-0.001449335366487503,-0.001449335366487503,win,win
ai_055_009_cam_01_frame.0099,ai_055_009,local_point_delta_0.01,0.41414283588528633,0.5048031047917902,0.5364742865785956,0.40181780233979225,0.12233145069330931,0.41414283588528633,0.5449687119107693,0.49512195168063045,0.41110887425020337,0.08097911579534411,-0.04135233489796519,-0.04135233489796519,win,win
ai_003_010_cam_00_frame.0000,ai_003_010,boundary_f1_radius1,0.3206190710949359,0.3233444216443174,0.32700521208715844,0.32689369656559203,0.006386140992222511,0.3206190710949359,0.32454241251478294,0.3296814700071269,0.33306775349174916,0.009062398912190961,0.00267625791996845,0.00267625791996845,win,win
ai_003_010_cam_00_frame.0077,ai_003_010,boundary_f1_radius1,0.5784637414564785,0.5802119774955383,0.5838863769429153,0.5825112578162025,0.005422635486436844,0.5784637414564785,0.5785224701472281,0.5829349291902932,0.5859305758816337,0.004471187733814719,-0.0009514477526221254,-0.0009514477526221254,win,win
ai_003_010_cam_01_frame.0051,ai_003_010,boundary_f1_radius1,0.42969633864966955,0.42996705135675045,0.4346889259041478,0.43454097007521847,0.004992587254478265,0.42969633864966955,0.430483470855301,0.4334193353891076,0.4330123619308881,0.0037229967394380448,-0.0012695905150402198,-0.0012695905150402198,win,win
ai_004_003_cam_00_frame.0026,ai_004_003,boundary_f1_radius1,0.15623162719546427,0.15638363189924265,0.15684424197702762,0.15788338505041855,0.0006126147815633531,0.15623162719546427,0.1569130942244203,0.15839069938638128,0.1599559017492572,0.0021590721909170163,0.0015464574093536632,0.0015464574093536632,win,win
ai_004_003_cam_01_frame.0000,ai_004_003,boundary_f1_radius1,0.0,0.0,0.0,0.0,-0.0,0.0,0.0,0.0,0.0,-0.0,0.0,0.0,tie,tie
ai_004_003_cam_01_frame.0075,ai_004_003,boundary_f1_radius1,0.2645279496978342,0.26964116309244474,0.27746307626079697,0.2804379567151226,0.012935126562962751,0.2645279496978342,0.26886326880797373,0.27313949355823625,0.273471431838952,0.008611543860402027,-0.004323582702560724,-0.004323582702560724,win,win
ai_004_004_cam_00_frame.0050,ai_004_004,boundary_f1_radius1,0.38725986247518507,0.40317129731426726,0.4309675477303478,0.4553581088412941,0.04370768525516272,0.38725986247518507,0.4451589147082,0.4444137459609116,0.44021067096298516,0.05715388348572653,0.01344619823056381,0.01344619823056381,win,win
ai_004_004_cam_01_frame.0024,ai_004_004,boundary_f1_radius1,0.5694218178664853,0.5712224283053006,0.5743791447939562,0.5680690259245789,0.004957326927470973,0.5694218178664853,0.5784138140931528,0.5858173182498833,0.5942811939089871,0.016395500383397987,0.011438173455927014,0.011438173455927014,win,win
ai_004_004_cam_01_frame.0099,ai_004_004,boundary_f1_radius1,0.23519724601695594,0.23358846758609822,0.23231461780609905,0.23242480090143128,-0.0028826282108568857,0.23519724601695594,0.23271266718114084,0.22884103539729822,0.22491145862744583,-0.006356210619657715,-0.0034735824088008294,-0.0034735824088008294,loss,loss
ai_004_010_cam_01_frame.0023,ai_004_010,boundary_f1_radius1,0.49939116890514473,0.5026768301237757,0.5002984959254795,0.4947819106113728,0.0009073270203347472,0.49939116890514473,0.5012075824827865,0.5015636431846106,0.49864142315995813,0.002172474279465819,0.001265147259131072,0.001265147259131072,win,win
ai_005_005_cam_00_frame.0017,ai_005_005,boundary_f1_radius1,0.12209399008377628,0.12417193791527385,0.13268339318588293,0.14185384853021216,0.010589403102106654,0.12209399008377628,0.12646566191473443,0.13852872092125587,0.14369760044779067,0.016434730837479594,0.0058453277353729405,0.0058453277353729405,win,win
ai_005_005_cam_00_frame.0092,ai_005_005,boundary_f1_radius1,0.29021438924974857,0.29203674948194447,0.29411424211906484,0.2935826873512778,0.003899852869316267,0.29021438924974857,0.29389799293605934,0.2936816873662625,0.29484869043578954,0.003467298116513917,-0.0004325547528023499,-0.0004325547528023499,win,win
ai_006_007_cam_00_frame.0066,ai_006_007,boundary_f1_radius1,0.4566184056844255,0.460278093677613,0.46562463850117913,0.46854768128485,0.009006232816753612,0.4566184056844255,0.45953338407976413,0.4643267346561786,0.46742929870417693,0.007708328971753053,-0.0012979038450005587,-0.0012979038450005587,win,win
ai_007_001_cam_00_frame.0042,ai_007_001,boundary_f1_radius1,0.4843989342345495,0.4804851082160833,0.472025337917503,0.46598211180238786,-0.012373596317046487,0.4843989342345495,0.4812165452020531,0.4791787451286337,0.4791696174389325,-0.005220189105915818,0.007153407211130669,0.007153407211130669,loss,loss
ai_007_001_cam_01_frame.0016,ai_007_001,boundary_f1_radius1,0.5525526946998982,0.5555915086088491,0.5593750478767627,0.5603489391814971,0.006822353176864526,0.5525526946998982,0.5551133327779536,0.5646916852702097,0.5662489732173641,0.012138990570311536,0.00531663739344701,0.00531663739344701,win,win
ai_007_001_cam_01_frame.0091,ai_007_001,boundary_f1_radius1,0.520480307282373,0.5289003629506536,0.5381965682090152,0.5378735225303386,0.017716260926642136,0.520480307282373,0.5294040320117223,0.5374902046842946,0.5417751438295018,0.017009897401921603,-0.0007063635247205324,-0.0007063635247205324,win,win
ai_009_007_cam_00_frame.0066,ai_009_007,boundary_f1_radius1,0.4758343526306393,0.4757358664389596,0.4733535914661194,0.4700865805631543,-0.0024807611645198957,0.4758343526306393,0.47642802783792954,0.47666974696616765,0.4756080185034322,0.0008353943355283722,0.003316155500048268,0.003316155500048268,loss,win
ai_009_009_cam_00_frame.0040,ai_009_009,boundary_f1_radius1,0.3783109426016747,0.3809387721896871,0.38228359091550346,0.37706927101625765,0.003972648313828764,0.3783109426016747,0.37937333158573144,0.37949359905592606,0.3760097436198144,0.001182656454251363,-0.002789991859577401,-0.002789991859577401,win,win
ai_010_007_cam_00_frame.0015,ai_010_007,boundary_f1_radius1,0.5184726500913251,0.5196527968934737,0.5187454501321045,0.5166170947958271,0.00027280004077934183,0.5184726500913251,0.5156297097636403,0.5111294334043461,0.5063901910600133,-0.007343216686979015,-0.007616016727758357,-0.007616016727758357,win,loss
ai_010_007_cam_00_frame.0089,ai_010_007,boundary_f1_radius1,0.5220518742074359,0.5217277184292481,0.5113442625952682,0.5033632861917996,-0.010707611612167711,0.5220518742074359,0.5187619281493049,0.5184136078414153,0.5169917829638176,-0.003638266366020604,0.007069345246147107,0.007069345246147107,loss,loss
ai_012_005_cam_00_frame.0064,ai_012_005,boundary_f1_radius1,0.4274927559871352,0.42728891649660483,0.42573186755930864,0.42231961578790694,-0.001760888427826568,0.4274927559871352,0.43343217015057983,0.4367626918037951,0.4373783768253952,0.009269935816659913,0.011030824244486481,0.011030824244486481,loss,win
ai_015_001_cam_00_frame.0039,ai_015_001,boundary_f1_radius1,0.46350700632095376,0.46765255318571103,0.47211848948222146,0.4751030848865372,0.008611483161267697,0.46350700632095376,0.4681330552467688,0.47109751711688963,0.47191136205728607,0.0075905107959358675,-0.0010209723653318292,-0.0010209723653318292,win,win
ai_015_004_cam_00_frame.0013,ai_015_004,boundary_f1_radius1,0.6185649365058594,0.6217489825096757,0.6263559032710942,0.6249915082562805,0.00779096676523483,0.6185649365058594,0.6259121760395219,0.6315920877134,0.6329023716823198,0.01302715120754061,0.00523618444230578,0.00523618444230578,win,win
ai_015_004_cam_00_frame.0088,ai_015_004,boundary_f1_radius1,0.5665083154608598,0.5639426072621686,0.5593277900534166,0.5560546804646693,-0.0071805254074431835,0.5665083154608598,0.5666563621475595,0.5680711629356268,0.5690853154565717,0.0015628474747669818,0.008743372882210165,0.008743372882210165,loss,win
ai_016_001_cam_01_frame.0062,ai_016_001,boundary_f1_radius1,0.25824918768468197,0.25784681286801286,0.2577317820204816,0.2565048200127075,-0.0005174056642003877,0.25824918768468197,0.261312606294993,0.26392596712116406,0.265620222540612,0.005676779436482093,0.006194185100682481,0.006194185100682481,loss,win
ai_016_004_cam_00_frame.0037,ai_016_004,boundary_f1_radius1,0.3725110233436678,0.3699271287932444,0.3638967375826339,0.3596830523291986,-0.008614285761033902,0.3725110233436678,0.37097096847296235,0.3689883431372935,0.3666491761815629,-0.003522680206374307,0.005091605554659595,0.005091605554659595,loss,loss
ai_017_007_cam_00_frame.0011,ai_017_007,boundary_f1_radius1,0.2863732571614914,0.2872480890984808,0.28791589291170283,0.28893994175521337,0.0015426357502114074,0.2863732571614914,0.2855910009535753,0.28316320674251144,0.2805433387573908,-0.0032100504189799817,-0.004752686169191389,-0.004752686169191389,win,loss
ai_017_007_cam_00_frame.0086,ai_017_007,boundary_f1_radius1,0.4986483707646842,0.5016659140251111,0.4932810687861192,0.47814023072933226,-0.005367301978564998,0.4986483707646842,0.5110392816507138,0.5256867303081457,0.5282917920439197,0.02703835954346151,0.03240566152202651,0.03240566152202651,loss,win
ai_017_007_cam_01_frame.0061,ai_017_007,boundary_f1_radius1,0.4985815288575243,0.5011905094921308,0.5052966288759775,0.5067787549882431,0.006715100018453157,0.4985815288575243,0.5019257630220976,0.506473607024849,0.511046704963307,0.007892078167324679,0.0011769781488715214,0.0011769781488715214,win,win
ai_018_005_cam_00_frame.0035,ai_018_005,boundary_f1_radius1,0.341627217076551,0.343424905293262,0.3431924409697347,0.3451094067521082,0.0015652238931836981,0.341627217076551,0.3408158765621742,0.33833137090518756,0.33658202202987325,-0.00329584617136347,-0.004861070064547168,-0.004861070064547168,win,loss
ai_018_005_cam_01_frame.0010,ai_018_005,boundary_f1_radius1,0.5653868241984439,0.5679849906510815,0.5716557719449082,0.573840822159139,0.0062689477464643595,0.5653868241984439,0.5629797066943257,0.5687427419350843,0.5746700587258762,0.003355917736640457,-0.0029130300098239026,-0.0029130300098239026,win,win
ai_018_005_cam_01_frame.0084,ai_018_005,boundary_f1_radius1,0.009312606369930677,0.009343177712031532,0.009619395578289077,0.009601495967200875,0.0003067892083584,0.009312606369930677,0.009315784821255496,0.009248634920811545,0.009330772771616556,-6.397144911913198e-05,-0.000370760657477532,-0.000370760657477532,win,loss
ai_019_008_cam_00_frame.0059,ai_019_008,boundary_f1_radius1,0.2793517421756275,0.27821807528456205,0.2755380632424164,0.2744254332506445,-0.0038136789332111065,0.2793517421756275,0.2770910676877242,0.27388528792435163,0.2717823771111647,-0.0054664542512758985,-0.001652775318064792,-0.001652775318064792,loss,loss
ai_022_010_cam_00_frame.0034,ai_022_010,boundary_f1_radius1,0.5681658404215637,0.5692528322399996,0.5685270163307695,0.5678729679466764,0.0003611759092058131,0.5681658404215637,0.5691966038727775,0.569904218964193,0.5708101190352374,0.0017383785426292597,0.0013772026334234466,0.0013772026334234466,win,win
ai_023_003_cam_00_frame.0008,ai_023_003,boundary_f1_radius1,0.38243713875944935,0.38374258998119076,0.3817343236452064,0.3807824713046145,-0.0007028151142429717,0.38243713875944935,0.38551938800556573,0.3826436654072031,0.3776251431960004,0.0002065266477537797,0.0009093417619967514,0.0009093417619967514,loss,win
ai_023_003_cam_00_frame.0083,ai_023_003,boundary_f1_radius1,0.30893336217157813,0.3076005544067859,0.29649329388454115,0.2872862013428393,-0.012440068287036976,0.30893336217157813,0.31292824589165924,0.3103268056932107,0.3051708754479558,0.0013934435216325647,0.01383351180866954,0.01383351180866954,loss,win
ai_023_003_cam_01_frame.0057,ai_023_003,boundary_f1_radius1,0.4463586751741659,0.4403383823182644,0.4435461678123703,0.44686790270538335,-0.002812507361795613,0.4463586751741659,0.450621521087644,0.45139871664961495,0.45374901551380736,0.005040041475449064,0.007852548837244677,0.007852548837244677,loss,win
ai_024_012_cam_00_frame.0032,ai_024_012,boundary_f1_radius1,0.13509735393991304,0.13566543584692325,0.1374569400864572,0.140536874774705,0.0023595861465441625,0.13509735393991304,0.1371388790416936,0.13935242011877338,0.14094985126922055,0.004255066178860345,0.0018954800323161825,0.0018954800323161825,win,win
ai_024_013_cam_00_frame.0007,ai_024_013,boundary_f1_radius1,0.3223864881632074,0.3266893139198147,0.32732081255581,0.32278365700827366,0.004934324392602607,0.3223864881632074,0.3278556239202506,0.33380258428896836,0.33734962161017334,0.011416096125760944,0.006481771733158337,0.006481771733158337,win,win
ai_024_013_cam_00_frame.0081,ai_024_013,boundary_f1_radius1,0.17814110894560853,0.17981743342868411,0.18119678997961602,0.18136759715432746,0.003055681034007496,0.17814110894560853,0.17975277004172202,0.1811008350191209,0.18119570462424087,0.0029597260735123587,-9.595496049513708e-05,-9.595496049513708e-05,win,win
ai_028_008_cam_00_frame.0056,ai_028_008,boundary_f1_radius1,0.34992772750074863,0.3519213502269856,0.3540665127862057,0.3564502726086401,0.004138785285457081,0.34992772750074863,0.35355701888823887,0.35289725134665395,0.35077283595516673,0.0029695238459053197,-0.0011692614395517609,-0.0011692614395517609,win,win
ai_030_008_cam_01_frame.0005,ai_030_008,boundary_f1_radius1,0.220098324231708,0.22297495547577348,0.22454000244751887,0.2265383878013343,0.004441678215810874,0.220098324231708,0.22351426312257097,0.22673102757485825,0.22940749280069733,0.006632703343150248,0.0021910251273393744,0.0021910251273393744,win,win
ai_031_004_cam_00_frame.0047,ai_031_004,boundary_f1_radius1,0.47371667823098634,0.47586610990186584,0.4779625155432942,0.4819054893042275,0.004245837312307876,0.47371667823098634,0.4752044965854998,0.47799664529200964,0.47945226193848933,0.004279967061023293,3.412974871541685e-05,3.412974871541685e-05,win,win
ai_031_010_cam_00_frame.0022,ai_031_010,boundary_f1_radius1,0.3628787760519673,0.36363952967432983,0.3626129381536777,0.3612863479028077,-0.00026583789828960036,0.3628787760519673,0.36441324299363104,0.3624867772028794,0.3597806206017133,-0.0003919988490878601,-0.00012616095079825973,-0.00012616095079825973,loss,loss
ai_031_010_cam_00_frame.0096,ai_031_010,boundary_f1_radius1,0.4181016332442597,0.4185491737307908,0.4182174585575165,0.41711738454883307,0.00011582531325682321,0.4181016332442597,0.4182326226430926,0.4164705904590533,0.4160805218820344,-0.0016310427852063714,-0.0017468680984631946,-0.0017468680984631946,win,loss
ai_032_007_cam_00_frame.0071,ai_032_007,boundary_f1_radius1,0.40959399966261517,0.4093043752713946,0.40514610246825283,0.39813939675258037,-0.004447897194362338,0.40959399966261517,0.40713401762968937,0.4006192543239253,0.39452415863924395,-0.00897474533868986,-0.004526848144327522,-0.004526848144327522,loss,loss
ai_035_003_cam_00_frame.0045,ai_035_003,boundary_f1_radius1,0.4279813411413244,0.4279618870575239,0.4326575489251368,0.43387009376712665,0.004676207783812392,0.4279813411413244,0.4342972190470063,0.44607290569399216,0.45765343978736023,0.01809156455266775,0.013415356768855358,0.013415356768855358,win,win
ai_035_004_cam_00_frame.0020,ai_035_004,boundary_f1_radius1,0.1207547832601965,0.11357847972386562,0.10724943334409641,0.10441965022128616,-0.013505349916100085,0.1207547832601965,0.11306145305016488,0.10779859949353753,0.10547525789720799,-0.012956183766658969,0.000549166149441116,0.000549166149441116,loss,loss
ai_035_004_cam_00_frame.0095,ai_035_004,boundary_f1_radius1,0.12035683851688184,0.1156635171312398,0.11234400732811974,0.11205966809763719,-0.008012831188762101,0.12035683851688184,0.11152089870100924,0.10204411543605538,0.09667632752237071,-0.01831272308082646,-0.010299891892064358,-0.010299891892064358,loss,loss
ai_038_009_cam_00_frame.0069,ai_038_009,boundary_f1_radius1,0.16798742557150945,0.17139879433319047,0.1768656047397636,0.1809201779537874,0.008878179168254147,0.16798742557150945,0.1786334544042558,0.1759742228354278,0.17275741574952733,0.00798679726391835,-0.0008913819043357973,-0.0008913819043357973,win,win
ai_038_009_cam_01_frame.0044,ai_038_009,boundary_f1_radius1,0.1843135635989179,0.1812379144103777,0.17767442715224913,0.17637524109262964,-0.006639136446668775,0.1843135635989179,0.17974506167591675,0.17205286911926743,0.16805867539079583,-0.012260694479650475,-0.005621558032981699,-0.005621558032981699,loss,loss
ai_039_003_cam_00_frame.0018,ai_039_003,boundary_f1_radius1,0.34728744993180116,0.3626419095786913,0.37559480084398505,0.38087401420286965,0.028307350912183893,0.34728744993180116,0.36083166571428293,0.3721371494001988,0.3751575058134379,0.024849699468397657,-0.003457651443786236,-0.003457651443786236,win,win
ai_039_003_cam_00_frame.0093,ai_039_003,boundary_f1_radius1,0.2273296351954368,0.2302323941173288,0.23390104974859408,0.2371206730223806,0.006571414553157268,0.2273296351954368,0.2386605055752006,0.24217984558703765,0.24064588938859321,0.014850210391600838,0.00827879583844357,0.00827879583844357,win,win
ai_039_003_cam_01_frame.0068,ai_039_003,boundary_f1_radius1,0.3135786856527278,0.31892779861952175,0.32148536817266066,0.32291133014843304,0.007906682519932873,0.3135786856527278,0.32993919735260996,0.33888567140611847,0.344593825907276,0.025306985753390687,0.017400303233457814,0.017400303233457814,win,win
ai_041_003_cam_00_frame.0042,ai_041_003,boundary_f1_radius1,0.432789507776422,0.43341839520652387,0.43263089030887836,0.43102404405213146,-0.00015861746754364248,0.432789507776422,0.4336852262950399,0.4336767358586768,0.4328846089039421,0.0008872280822547762,0.0010458455497984187,0.0010458455497984187,loss,win
ai_044_001_cam_00_frame.0017,ai_044_001,boundary_f1_radius1,0.2603842330261459,0.26336031367154106,0.2676264382351549,0.2720117252269766,0.007242205209009034,0.2603842330261459,0.2639237988520867,0.2722884540859613,0.2795404986762307,0.011904221059815423,0.004662015850806389,0.004662015850806389,win,win
ai_044_001_cam_00_frame.0091,ai_044_001,boundary_f1_radius1,0.3724260346951874,0.3729909432388132,0.36944991285829276,0.3639723496257623,-0.002976121836894663,0.3724260346951874,0.37855974471138226,0.3746879254993149,0.37080098204005135,0.0022618908041274755,0.005238012641022138,0.005238012641022138,loss,win
ai_044_001_cam_01_frame.0067,ai_044_001,boundary_f1_radius1,0.41674046894051403,0.4254809223415698,0.438754142156923,0.44347423716073603,0.022013673216408958,0.41674046894051403,0.42739039564187253,0.44108765091565805,0.4471827755971861,0.024347181975144017,0.002333508758735059,0.002333508758735059,win,win
ai_044_003_cam_01_frame.0042,ai_044_003,boundary_f1_radius1,0.2681067916206956,0.2694198543533293,0.27196777597053323,0.27167614414545566,0.003860984349837615,0.2681067916206956,0.2705153420242136,0.2705760768316272,0.27014911086633203,0.0024692852109315933,-0.0013916991389060218,-0.0013916991389060218,win,win
ai_044_003_cam_02_frame.0016,ai_044_003,boundary_f1_radius1,0.26511635343685475,0.263819485284367,0.2611415369403068,0.25862837972615427,-0.0039748164965479615,0.26511635343685475,0.2639953267153813,0.2608194471817348,0.25749161401685217,-0.00429690625511997,-0.0003220897585720084,-0.0003220897585720084,loss,loss
ai_044_003_cam_02_frame.0091,ai_044_003,boundary_f1_radius1,0.21886560816186457,0.2195770404381461,0.22126965560656933,0.22195405495777845,0.0024040474447047655,0.21886560816186457,0.22004459141138075,0.22094717082915533,0.22268697046732966,0.0020815626672907594,-0.00032248477741400605,-0.00032248477741400605,win,win
ai_044_003_cam_03_frame.0065,ai_044_003,boundary_f1_radius1,0.2823253190063946,0.2830346607456104,0.2851364616884258,0.2864112694483574,0.002811142682031198,0.2823253190063946,0.28301769185537395,0.2834163695065665,0.28416718426134424,0.0010910505001718862,-0.0017200921818593118,-0.0017200921818593118,win,win
ai_045_008_cam_00_frame.0040,ai_045_008,boundary_f1_radius1,0.4697698825074043,0.47029630893103536,0.4727045145561462,0.47090581402310344,0.002934632048741892,0.4697698825074043,0.4525712124971521,0.4700417921529851,0.4752033353999951,0.00027190964558077013,-0.002662722403161122,-0.002662722403161122,win,win
ai_045_008_cam_01_frame.0015,ai_045_008,boundary_f1_radius1,0.4882347990992736,0.4922211244141174,0.49650250520002015,0.4961994689422139,0.008267706100746564,0.4882347990992736,0.49005712865688256,0.4976778606096613,0.5063654348255974,0.009443061510387707,0.0011753554096411434,0.0011753554096411434,win,win
ai_045_008_cam_01_frame.0089,ai_045_008,boundary_f1_radius1,0.39446281509825837,0.3945058812244029,0.3925162755126947,0.3895321150960758,-0.001946539585563678,0.39446281509825837,0.39490637785100674,0.39468730326207946,0.39312945971299373,0.0002244881638210905,0.0021710277493847685,0.0021710277493847685,loss,win
ai_046_005_cam_00_frame.0064,ai_046_005,boundary_f1_radius1,0.4096510906980809,0.4117542866297403,0.4137048210609661,0.4155636297853384,0.0040537303628851995,0.4096510906980809,0.4131978086984603,0.4197851873232829,0.4234185851610546,0.010134096625201983,0.006080366262316783,0.006080366262316783,win,win
ai_047_009_cam_00_frame.0038,ai_047_009,boundary_f1_radius1,0.2730227243980778,0.2738546685962184,0.27080236296417504,0.2674218273672135,-0.002220361433902751,0.2730227243980778,0.2738374125114759,0.2721062403211084,0.2702862670222793,-0.0009164840769693705,0.0013038773569333806,0.0013038773569333806,loss,loss
ai_048_001_cam_00_frame.0013,ai_048_001,boundary_f1_radius1,0.3281313600341128,0.3300291616626933,0.3324698411772233,0.3330718978684067,0.004338481143110473,0.3281313600341128,0.3304980037510684,0.33086338020501177,0.3306655942112913,0.0027320201708989633,-0.0016064609722115097,-0.0016064609722115097,win,win
ai_048_001_cam_00_frame.0088,ai_048_001,boundary_f1_radius1,0.4264606421358764,0.4265395685044517,0.4261472562663822,0.42700458717455864,-0.0003133858694941982,0.4264606421358764,0.42776446383718963,0.427590310997836,0.4279613463844297,0.0011296688619595874,0.0014430547314537856,0.0014430547314537856,loss,win
ai_048_001_cam_01_frame.0064,ai_048_001,boundary_f1_radius1,0.33962011072488424,0.3416188549166231,0.3454580745300871,0.3460890730334669,0.00583796380520285,0.33962011072488424,0.34080225804818937,0.3434646158534034,0.34378236468557993,0.003844505128519138,-0.0019934586766837126,-0.0019934586766837126,win,win
ai_048_001_cam_02_frame.0050,ai_048_001,boundary_f1_radius1,0.38181083454636977,0.3828763551055169,0.38355613856592324,0.3833352577607261,0.001745304019553473,0.38181083454636977,0.38318298367627285,0.38419323140585304,0.38343527303747627,0.002382396859483271,0.0006370928399297981,0.0006370928399297981,win,win
ai_048_001_cam_03_frame.0029,ai_048_001,boundary_f1_radius1,0.4342519028488335,0.4299648619820116,0.42303405202779654,0.42012046649895,-0.01121785082103699,0.4342519028488335,0.41548855271691604,0.42337079971005226,0.4343913177731674,-0.010881103138781267,0.0003367476822557225,0.0003367476822557225,loss,loss
ai_050_002_cam_00_frame.0004,ai_050_002,boundary_f1_radius1,0.431035762959148,0.43264830590483333,0.4328658329365705,0.4318091228361387,0.001830069977422466,0.431035762959148,0.4322055799371963,0.4330434399956272,0.43364903246394415,0.002007677036479194,0.00017760705905672802,0.00017760705905672802,win,win
ai_050_002_cam_00_frame.0081,ai_050_002,boundary_f1_radius1,0.43549676040666835,0.4350751753448718,0.4339748695242238,0.43252958678186737,-0.001521890882444532,0.43549676040666835,0.43357945525908953,0.4313664165932229,0.43069025916671433,-0.004130343813445458,-0.0026084529310009263,-0.0026084529310009263,loss,loss
ai_050_002_cam_01_frame.0056,ai_050_002,boundary_f1_radius1,0.49561571519156566,0.49713840316126584,0.4978093279752399,0.49812635693874197,0.002193612783674248,0.49561571519156566,0.49535858374996156,0.4975556544323472,0.49887598213375023,0.001939939240781563,-0.00025367354289268507,-0.00025367354289268507,win,win
ai_050_002_cam_02_frame.0033,ai_050_002,boundary_f1_radius1,0.4191835859495712,0.42226543175585657,0.427131453092525,0.4301523348139655,0.007947867142953757,0.4191835859495712,0.4227356858945792,0.42697986497575596,0.4256851676649012,0.007796279026184738,-0.00015158811676901918,-0.00015158811676901918,win,win
ai_050_002_cam_03_frame.0010,ai_050_002,boundary_f1_radius1,0.5588040936904708,0.560294199421369,0.5640007089338609,0.5667939843296427,0.005196615243390101,0.5588040936904708,0.5581736463103598,0.5560823292894846,0.5543712806288931,-0.0027217644009861486,-0.00791837964437625,-0.00791837964437625,win,loss
ai_050_002_cam_03_frame.0099,ai_050_002,boundary_f1_radius1,0.5301793216235471,0.5336018361115142,0.5395440110256343,0.543126550848271,0.009364689402087234,0.5301793216235471,0.5329203088751068,0.5351981262361472,0.5348281466443044,0.00501880461260007,-0.004345884789487164,-0.004345884789487164,win,win
ai_050_002_cam_04_frame.0076,ai_050_002,boundary_f1_radius1,0.3958872133685681,0.39595200053989477,0.39511420515390167,0.3929216964131784,-0.0007730082146664152,0.3958872133685681,0.39690632410318316,0.3943582199287047,0.3882884125072295,-0.001528993439863402,-0.0007559852251969867,-0.0007559852251969867,loss,loss
ai_051_004_cam_00_frame.0051,ai_051_004,boundary_f1_radius1,0.14925485963504234,0.15396691869451093,0.1603042555721593,0.16262339628943662,0.011049395937116957,0.14925485963504234,0.15412952767785135,0.16019064561262483,0.16609913193991696,0.01093578597758249,-0.0001136099595344664,-0.0001136099595344664,win,win
ai_051_004_cam_01_frame.0026,ai_051_004,boundary_f1_radius1,0.4005034979494797,0.40343467954220164,0.4060681665068799,0.40675472547161123,0.005564668557400176,0.4005034979494797,0.40230222993643555,0.40233310736624445,0.40040045955796005,0.0018296094167647436,-0.0037350591406354328,-0.0037350591406354328,win,win
ai_051_004_cam_02_frame.0000,ai_051_004,boundary_f1_radius1,0.32973724122865894,0.32974747844738095,0.3337854702329263,0.3366397682860825,0.0040482290042673785,0.32973724122865894,0.3272153335228805,0.3271888797323856,0.32798192536325754,-0.0025483614962733547,-0.006596590500540733,-0.006596590500540733,win,loss
ai_051_004_cam_02_frame.0075,ai_051_004,boundary_f1_radius1,0.2295125948312175,0.24266780835147994,0.25480365790045045,0.25966256119986153,0.025291063069232955,0.2295125948312175,0.24937632074308305,0.2669251838087811,0.2736332683022119,0.03741258897756361,0.012121525908330655,0.012121525908330655,win,win
ai_051_004_cam_03_frame.0066,ai_051_004,boundary_f1_radius1,0.38013923203445926,0.39244148246352917,0.40908439348408226,0.4119378059113252,0.028945161449623003,0.38013923203445926,0.40332123116375057,0.4167218238833103,0.4199053889344794,0.03658259184885104,0.00763743039922804,0.00763743039922804,win,win
ai_051_004_cam_04_frame.0051,ai_051_004,boundary_f1_radius1,0.3889011919413837,0.39169578705896446,0.3955738153480026,0.39290449637652486,0.006672623406618949,0.3889011919413837,0.39194154991004887,0.39435698087223675,0.3919692215339437,0.005455788930853078,-0.0012168344757658711,-0.0012168344757658711,win,win
ai_051_004_cam_05_frame.0026,ai_051_004,boundary_f1_radius1,0.2765415821776864,0.2786141264168987,0.2792595159220353,0.2776266700488816,0.0027179337443489215,0.2765415821776864,0.27969528104453206,0.28078043637691735,0.27875117561460006,0.004238854199230979,0.0015209204548820576,0.0015209204548820576,win,win
ai_052_001_cam_00_frame.0000,ai_052_001,boundary_f1_radius1,0.33373770971941447,0.33684209566596396,0.34054469830681816,0.340431593610767,0.006806988587403695,0.33373770971941447,0.33784623745599834,0.3382687703705234,0.33671276692411667,0.00453106065110892,-0.002275927936294775,-0.002275927936294775,win,win
ai_052_001_cam_00_frame.0075,ai_052_001,boundary_f1_radius1,0.37182286156839633,0.37561951064266996,0.3793456255292021,0.38084451874152886,0.007522763960805756,0.37182286156839633,0.3747271727116696,0.37765614295867206,0.3772571022119967,0.005833281390275724,-0.001689482570530032,-0.001689482570530032,win,win
ai_052_001_cam_01_frame.0049,ai_052_001,boundary_f1_radius1,0.3856614802233456,0.38664376025610137,0.3850547316691493,0.38296647191901484,-0.0006067485541963458,0.3856614802233456,0.3873723207400023,0.38891540598784935,0.38926155743315294,0.003253925764503729,0.0038606743187000747,0.0038606743187000747,loss,win
ai_052_003_cam_00_frame.0024,ai_052_003,boundary_f1_radius1,0.43822148696084257,0.43883265411614386,0.4408006282284116,0.43869127128255875,0.0025791412675690295,0.43822148696084257,0.4406427743361796,0.4397242756151561,0.43624747045258305,0.001502788654313525,-0.0010763526132555046,-0.0010763526132555046,win,win
ai_052_003_cam_01_frame.0004,ai_052_003,boundary_f1_radius1,0.283680114935477,0.2855137137491633,0.28776915096337075,0.2898512732310616,0.004089036027893733,0.283680114935477,0.2843359233267748,0.2816396742565515,0.2786850074561254,-0.0020404406789255036,-0.006129476706819237,-0.006129476706819237,win,loss
ai_052_003_cam_01_frame.0092,ai_052_003,boundary_f1_radius1,0.4735454921219584,0.47661840912406594,0.47762328768165974,0.47454591378198396,0.004077795559701336,0.4735454921219584,0.4759718523891987,0.4774708842618287,0.4772925065477557,0.0039253921398703095,-0.00015240341983102645,-0.00015240341983102645,win,win
ai_052_007_cam_00_frame.0069,ai_052_007,boundary_f1_radius1,0.1225390520231185,0.11969925625338441,0.12082039870886156,0.12407208612183206,-0.0017186533142569405,0.1225390520231185,0.1176913707092713,0.10990131291754368,0.10418455789590589,-0.012637739105574822,-0.010919085791317881,-0.010919085791317881,loss,loss
ai_052_007_cam_01_frame.0043,ai_052_007,boundary_f1_radius1,0.17771708056630175,0.17982147773151666,0.1813895545211929,0.18071275288111943,0.003672473954891148,0.17771708056630175,0.18013291548014715,0.18384841599102347,0.1852873830847091,0.006131335424721718,0.00245886146983057,0.00245886146983057,win,win
ai_053_003_cam_00_frame.0018,ai_053_003,boundary_f1_radius1,0.33698010661112454,0.3407252731846873,0.3425993468359488,0.3428585024890812,0.00561924022482424,0.33698010661112454,0.342173898738375,0.34809135209255526,0.349975120906588,0.01111124548143072,0.00549200525660648,0.00549200525660648,win,win
ai_053_003_cam_00_frame.0093,ai_053_003,boundary_f1_radius1,0.52165991414159,0.5237938426350045,0.524129845596829,0.52235833847849,0.002469931455238994,0.52165991414159,0.521107317833907,0.5175593516016982,0.5144168577733654,-0.004100562539891772,-0.006570493995130766,-0.006570493995130766,win,loss
ai_053_005_cam_00_frame.0067,ai_053_005,boundary_f1_radius1,0.2834129293268337,0.31081715719987263,0.35176841599257036,0.3694145325692133,0.06835548666573665,0.2834129293268337,0.33120565180088024,0.35826673087756367,0.3601155933862859,0.07485380155072996,0.006498314884993306,0.006498314884993306,win,win
ai_055_009_cam_00_frame.0043,ai_055_009,boundary_f1_radius1,0.5518576991506832,0.556714171672053,0.5587807865902086,0.5558642891618604,0.0069230874395254105,0.5518576991506832,0.5518815889254648,0.5489134032498032,0.5437140218937501,-0.0029442959008799674,-0.009867383340405378,-0.009867383340405378,win,loss
ai_055_009_cam_01_frame.0017,ai_055_009,boundary_f1_radius1,0.36648991811189124,0.36490264673668393,0.36180718841642606,0.3601315584514313,-0.004682729695465182,0.36648991811189124,0.3631815084178966,0.35683802434960066,0.3526370549756888,-0.009651893762290586,-0.0049691640668254045,-0.0049691640668254045,loss,loss
ai_055_009_cam_01_frame.0099,ai_055_009,boundary_f1_radius1,0.32939960682605135,0.3270924472292002,0.32441419990849124,0.3208460234586082,-0.004985406917560109,0.32939960682605135,0.3239709453702531,0.31199779845876746,0.30012095124870647,-0.01740180836728389,-0.01241640144972378,-0.01241640144972378,loss,loss
